,lda,nmf
0,great stand screen horrible experience coffee shop oink late departure,terminal security open baggage claim food lounge station option access
1,uber location lovely fantastic information charge assistance government briefly smart,delay major expect min close info inbound connection maintenance short
2,thank control pass beer pickup departure laptop facility excellent fix,time departure enjoy spend security bag passport free custom friendly
3,free stay parking custom drop luggage departure minute connect friendly,thanks info experience appreciate enjoy staff layover fantastic connect lyft
4,arrival lounge drink expect access large apply bathroom credit departure,hour late layover luggage departure custom planning control spend bag
5,pay taxi confirm local left challenge bonus tax recent exhibit,great enjoy exhibit experience immigrant option exhibition lounge food restaurant
6,short employee desk choice border reach giant outdoor inconvenience difficult,people free speak custom amazing park favorite immigration bart customs
7,terminal fast departs carrier wifi option connect thankfully departure shop,love art exhibit feel sfomuseum amazing livery buy store free
8,exhibit bart sfomuseum easy hard busy safely lead exhibition breakfast,thank amazing enjoy staff goodness officer care information excellent control
9,gate people minute tsa open wait min fix staff experience,gate min open water late available departure staff fix seat
10,delay major eat cheer space pizza chill apologize shall goal,leave late min display water open laptop friendly train bus
11,hour delay immigration park care term late regular rent main,wait min open bag baggage delayed wheelchair custom lyft luggage
12,arrive min process class scheduled luxury reopen stink ensure private,stop quick free parking short lounge sfomuseum uber immigrant exhibit
13,seat spend complain outlet row tom passport fed flew crap,nice lounge super departure livery enjoy bathroom staff seat control
14,passenger best bar serve staff animal important dinner experience item,beautiful park taxi amazing art departure layover busy hard safely
15,stop bad favorite quick experience truly deliver form text gift,customsborder access immigrant custom info border control immediately staffed immigration
16,baggage claim lyft quick wifi option uber coffee safety carousel,line tsa security min open slow checkpoint bag regular staff
17,amazing connection layover super special healthy meetup lunch pray option,drink beer layover free space caf√© breakfast lounge cheer delayed
18,love station airtrain sfbart high bart boarding train exhibit destination,service nonstop samtrans free guest shuttle late train class immigration
19,officer public available transit tsa police inbound receive attention honestly,minute free parking bag security park quick open run counter
20,time room yoga art departure friendly active southbound original focus,passenger uber lyft seat experience taxi attendant employee pickup info
21,leave water immigrant club fine cross late justice gold finger,stand immigrant line immigration custom counter speak safely close lovely
22,wait line security nice late tsa checkpoint delayed restaurant staff,check bag late exhibit carrier expect lounge info baggage food
23,list slow interesting onboard duty sense piece peaceful coverage internet,bad experience close baggage business wifi claim staff lounge uber
24,beautiful enjoy food terrible wall wine incredible floor hall caltrain,arrive min safely baggage late expect claim immigration immigrant bart
25,service train samtrans helpful bus perfect line expedite kiosk tsaprecheck,arrival departure min pickup expect available uber drop lounge claim
26,run feel rental shuttle experience maintenance airtrain counter daughter peace,best enjoy close lounge security seat coffee departure sandwich experience
27,speak faster normal restroom star ty code guest lock disappointed,airtrain station bart rental shuttle train sfbart run water late
28,thanks close customsborder info nonstop rest appreciate medium immediately courtesy,stay free enjoy parking immigration custom lounge park short wifi
29,check bag crowd business huge class smile strike counter flower,room yoga open meditation art layover amazing quick access relax
