,words,counts
0,delay,866.0
1,terminal,866.0
2,time,761.0
3,hour,628.0
4,gate,533.0
5,thanks,519.0
6,great,450.0
7,wait,447.0
8,people,423.0
9,love,415.0
10,thank,354.0
11,service,350.0
12,line,321.0
13,tsa,293.0
14,leave,273.0
15,check,268.0
16,minute,265.0
17,security,246.0
18,stop,235.0
19,bad,234.0
20,passenger,223.0
21,arrive,220.0
22,nice,215.0
23,bag,190.0
24,arrival,183.0
25,open,163.0
26,min,162.0
27,best,160.0
28,lounge,158.0
29,free,151.0
30,close,147.0
31,late,143.0
32,drink,138.0
33,stay,137.0
34,departure,130.0
35,beautiful,127.0
36,customsborder,127.0
37,enjoy,127.0
38,airtrain,120.0
39,experience,120.0
40,room,116.0
41,stand,114.0
42,baggage,111.0
43,food,109.0
44,info,103.0
45,run,103.0
46,yoga,103.0
47,exhibit,99.0
48,staff,99.0
49,station,98.0
50,uber,91.0
51,feel,90.0
52,claim,85.0
53,bart,83.0
54,immigration,83.0
55,control,82.0
56,park,81.0
57,quick,77.0
58,expect,76.0
59,seat,76.0
60,sfbart,76.0
61,parking,75.0
62,amazing,73.0
63,crowd,73.0
64,rental,73.0
65,water,72.0
66,art,71.0
67,nonstop,71.0
68,pay,71.0
69,access,70.0
70,custom,70.0
71,train,66.0
72,favorite,64.0
73,lyft,64.0
74,business,63.0
75,drop,62.0
76,luggage,62.0
77,walk,62.0
78,immigrant,61.0
79,major,61.0
80,option,60.0
81,sfomuseum,58.0
82,fix,53.0
83,connect,52.0
84,employee,52.0
85,local,52.0
86,officer,52.0
87,public,52.0
88,short,52.0
89,shuttle,52.0
90,layover,51.0
91,wifi,51.0
92,connection,50.0
93,available,49.0
94,class,49.0
95,spend,49.0
96,pass,48.0
97,easy,46.0
98,pickup,46.0
99,taxi,46.0
100,club,44.0
101,delayed,43.0
102,hard,43.0
103,slow,43.0
104,checkpoint,42.0
105,coffee,42.0
106,super,42.0
107,charge,41.0
108,bus,39.0
109,busy,39.0
110,counter,39.0
111,display,39.0
112,term,39.0
113,terrible,39.0
114,beer,37.0
115,bar,36.0
116,design,36.0
117,eat,36.0
118,fast,36.0
119,process,36.0
120,appreciate,35.0
121,high,35.0
122,cheer,34.0
123,samtrans,34.0
124,care,32.0
125,huge,32.0
126,buy,31.0
127,space,31.0
128,confirm,30.0
129,friendly,30.0
130,police,30.0
131,safely,30.0
132,fine,29.0
133,location,29.0
134,safety,29.0
135,speak,29.0
136,special,29.0
137,breakfast,28.0
138,list,28.0
139,maintenance,28.0
140,rude,28.0
141,transit,28.0
142,horrible,27.0
143,lovely,27.0
144,rest,27.0
145,restaurant,27.0
146,shout,27.0
147,fantastic,26.0
148,helpful,26.0
149,lead,26.0
150,desk,25.0
151,exactly,25.0
152,serve,25.0
153,apply,24.0
154,large,24.0
155,perfect,24.0
156,queue,24.0
157,screen,24.0
158,boarding,23.0
159,carousel,23.0
160,information,23.0
161,interesting,23.0
162,wall,23.0
163,border,22.0
164,inbound,22.0
165,item,22.0
166,reach,22.0
167,attendant,21.0
168,cargo,21.0
169,daughter,21.0
170,duty,21.0
171,exhibition,21.0
172,rent,21.0
173,shop,21.0
174,departs,20.0
175,hall,20.0
176,important,20.0
177,laptop,20.0
178,livery,20.0
179,outlet,20.0
180,receive,20.0
181,store,20.0
182,choice,19.0
183,complain,19.0
184,left,19.0
185,music,19.0
186,regular,19.0
187,bathroom,18.0
188,cheap,18.0
189,cost,18.0
190,faster,18.0
191,guest,18.0
192,incredible,18.0
193,peace,18.0
194,row,18.0
195,star,18.0
196,suitcase,18.0
197,transportation,18.0
198,challenge,17.0
199,clean,17.0
200,floor,17.0
201,healthy,17.0
202,medium,17.0
203,money,17.0
204,normal,17.0
205,passport,17.0
206,snack,17.0
207,wine,17.0
208,animal,16.0
209,attention,16.0
210,carrier,16.0
211,chill,16.0
212,courtesy,16.0
213,cross,16.0
214,facility,16.0
215,pizza,16.0
216,reduce,16.0
217,search,16.0
218,strike,16.0
219,tax,16.0
220,usual,16.0
221,wheelchair,16.0
222,belt,15.0
223,cnn,15.0
224,deliver,15.0
225,dinner,15.0
226,economy,15.0
227,excellent,15.0
228,excuse,15.0
229,giant,15.0
230,gold,15.0
231,immediately,15.0
232,kiosk,15.0
233,likely,15.0
234,market,15.0
235,onboard,15.0
236,private,15.0
237,remove,15.0
238,scheduled,15.0
239,signage,15.0
240,truly,15.0
241,burger,14.0
242,caltrain,14.0
243,chair,14.0
244,destination,14.0
245,honestly,14.0
246,justice,14.0
247,lock,14.0
248,planning,14.0
249,plenty,14.0
250,relax,14.0
251,response,14.0
252,restroom,14.0
253,roll,14.0
254,straight,14.0
255,winner,14.0
256,artist,13.0
257,code,13.0
258,comment,13.0
259,customerservice,13.0
260,device,13.0
261,expedite,13.0
262,extremely,13.0
263,fed,13.0
264,field,13.0
265,image,13.0
266,lunch,13.0
267,path,13.0
268,peaceful,13.0
269,sandwich,13.0
270,sense,13.0
271,thought,13.0
272,tom,13.0
273,triple,13.0
274,tsaprecheck,13.0
275,ty,13.0
276,website,13.0
277,apologize,12.0
278,arrest,12.0
279,assist,12.0
280,bonus,12.0
281,clearly,12.0
282,confuse,12.0
283,credit,12.0
284,decent,12.0
285,disappointed,12.0
286,enroute,12.0
287,fare,12.0
288,freedom,12.0
289,governor,12.0
290,main,12.0
291,milk,12.0
292,online,12.0
293,outdoor,12.0
294,personal,12.0
295,piece,12.0
296,price,12.0
297,reopen,12.0
298,resident,12.0
299,result,12.0
300,screening,12.0
301,smart,12.0
302,visa,12.0
303,agency,11.0
304,airindiain,11.0
305,asktsa,11.0
306,benefit,11.0
307,capacity,11.0
308,cat,11.0
309,chase,11.0
310,contract,11.0
311,correct,11.0
312,expensive,11.0
313,flew,11.0
314,highlight,11.0
315,holder,11.0
316,involve,11.0
317,leader,11.0
318,longer,11.0
319,meetup,11.0
320,noon,11.0
321,overhead,11.0
322,recent,11.0
323,rescue,11.0
324,smile,11.0
325,social,11.0
326,suspect,11.0
327,taste,11.0
328,thankful,11.0
329,thepointsguy,11.0
330,thrill,11.0
331,type,11.0
332,upper,11.0
333,yell,11.0
334,yvr,11.0
335,achieve,10.0
336,arocbayarea,10.0
337,assistance,10.0
338,attend,10.0
339,awful,10.0
340,beauty,10.0
341,box,10.0
342,burlingame,10.0
343,carry,10.0
344,checkin,10.0
345,concern,10.0
346,connector,10.0
347,coverage,10.0
348,deep,10.0
349,difference,10.0
350,difficult,10.0
351,ensure,10.0
352,finger,10.0
353,flower,10.0
354,focus,10.0
355,friends,10.0
356,goodness,10.0
357,google,10.0
358,government,10.0
359,grateful,10.0
360,hungry,10.0
361,impress,10.0
362,inconvenience,10.0
363,incredibly,10.0
364,le,10.0
365,men,10.0
366,original,10.0
367,outage,10.0
368,premium,10.0
369,quickly,10.0
370,recommend,10.0
371,relief,10.0
372,rep,10.0
373,rideshare,10.0
374,sadly,10.0
375,school,10.0
376,shoot,10.0
377,shopping,10.0
378,sick,10.0
379,skip,10.0
380,slcairport,10.0
381,solution,10.0
382,standard,10.0
383,stupid,10.0
384,ton,10.0
385,torontopearson,10.0
386,traveltip,10.0
387,unbelievable,10.0
388,underway,10.0
389,vehicle,10.0
390,visitor,10.0
391,accommodate,9.0
392,active,9.0
393,attack,9.0
394,bike,9.0
395,broken,9.0
396,budget,9.0
397,burn,9.0
398,ceo,9.0
399,chinese,9.0
400,chocolate,9.0
401,cocktail,9.0
402,comfy,9.0
403,computer,9.0
404,crap,9.0
405,develop,9.0
406,eastern,9.0
407,economic,9.0
408,entrance,9.0
409,equipment,9.0
410,exercise,9.0
411,expand,9.0
412,form,9.0
413,frequent,9.0
414,fry,9.0
415,fucking,9.0
416,gather,9.0
417,gear,9.0
418,goal,9.0
419,impressive,9.0
420,industry,9.0
421,kqednews,9.0
422,lack,9.0
423,luxury,9.0
424,management,9.0
425,mural,9.0
426,net,9.0
427,nope,9.0
428,nowall,9.0
429,occur,9.0
430,oink,9.0
431,oops,9.0
432,paper,9.0
433,pleasant,9.0
434,practice,9.0
435,pray,9.0
436,promise,9.0
437,purchase,9.0
438,rainy,9.0
439,rare,9.0
440,recently,9.0
441,reminder,9.0
442,repeat,9.0
443,resolve,9.0
444,self,9.0
445,selfie,9.0
446,shall,9.0
447,shock,9.0
448,vibe,9.0
449,zone,9.0
450,ac,8.0
451,address,8.0
452,admiralsclub,8.0
453,aid,8.0
454,autograph,8.0
455,beginning,8.0
456,billion,8.0
457,blog,8.0
458,bother,8.0
459,burrito,8.0
460,bust,8.0
461,calm,8.0
462,comfortable,8.0
463,commercial,8.0
464,connecting,8.0
465,da,8.0
466,delight,8.0
467,descent,8.0
468,disappoint,8.0
469,discover,8.0
470,donate,8.0
471,entertainment,8.0
472,evaairus,8.0
473,exciting,8.0
474,explore,8.0
475,flyeug,8.0
476,freeze,8.0
477,frontier,8.0
478,gensleronwork,8.0
479,growth,8.0
480,halfway,8.0
481,heck,8.0
482,immigrationban,8.0
483,impressed,8.0
484,improvement,8.0
485,internet,8.0
486,interview,8.0
487,jetway,8.0
488,joy,8.0
489,king,8.0
490,lease,8.0
491,lee,8.0
492,lightning,8.0
493,liquid,8.0
494,marriott,8.0
495,mission,8.0
496,mistake,8.0
497,mspairport,8.0
498,nut,8.0
499,oct,8.0
500,opposite,8.0
501,pattern,8.0
502,permanent,8.0
503,piss,8.0
504,pr,8.0
505,print,8.0
506,professional,8.0
507,pump,8.0
508,reaction,8.0
509,rebook,8.0
510,regional,8.0
511,risk,8.0
512,roof,8.0
513,sanmateoco,8.0
514,scary,8.0
515,seek,8.0
516,select,8.0
517,sh,8.0
518,shortly,8.0
519,similar,8.0
520,simple,8.0
521,simply,8.0
522,smh,8.0
523,song,8.0
524,spending,8.0
525,st,8.0
526,sticker,8.0
527,stink,8.0
528,street,8.0
529,temporary,8.0
530,test,8.0
531,text,8.0
532,thankfully,8.0
533,tight,8.0
534,trade,8.0
535,transport,8.0
536,treatment,8.0
537,unique,8.0
538,useless,8.0
539,warn,8.0
540,worldwide,8.0
541,wrap,8.0
542,accept,7.0
543,activity,7.0
544,addition,7.0
545,aim,7.0
546,airborne,7.0
547,aka,7.0
548,alive,7.0
549,alternate,7.0
550,amenity,7.0
551,appear,7.0
552,apple,7.0
553,architecture,7.0
554,asian,7.0
555,atlantic,7.0
556,attempt,7.0
557,auckland,7.0
558,audit,7.0
559,author,7.0
560,bartender,7.0
561,bin,7.0
562,brand,7.0
563,breach,7.0
564,briefly,7.0
565,bright,7.0
566,brutal,7.0
567,bunch,7.0
568,bur,7.0
569,candy,7.0
570,capital,7.0
571,capture,7.0
572,central,7.0
573,checked,7.0
574,chinaairlinesen,7.0
575,chip,7.0
576,collection,7.0
577,compass,7.0
578,concourse,7.0
579,cousin,7.0
580,cre,7.0
581,crisis,7.0
582,cup,7.0
583,damage,7.0
584,dark,7.0
585,decade,7.0
586,deice,7.0
587,delivery,7.0
588,democracy,7.0
589,determine,7.0
590,digital,7.0
591,dining,7.0
592,direction,7.0
593,document,7.0
594,doubt,7.0
595,drag,7.0
596,dry,7.0
597,dublinairport,7.0
598,dump,7.0
599,easily,7.0
600,epic,7.0
601,exclusive,7.0
602,famous,7.0
603,father,7.0
604,february,7.0
605,flag,7.0
606,foodie,7.0
607,forecasting,7.0
608,fra,7.0
609,frustrating,7.0
610,gift,7.0
611,goin,7.0
612,guitar,7.0
613,gust,7.0
614,gwr,7.0
615,handler,7.0
616,hilarious,7.0
617,hill,7.0
618,hospitality,7.0
619,hurry,7.0
620,iceland,7.0
621,idiot,7.0
622,incompetent,7.0
623,infrastructure,7.0
624,innovation,7.0
625,inspire,7.0
626,jacket,7.0
627,johnwayneair,7.0
628,key,7.0
629,kiss,7.0
630,ksfo,7.0
631,letthefamiliesouthttps,7.0
632,license,7.0
633,lighting,7.0
634,lost,7.0
635,marshal,7.0
636,match,7.0
637,mint,7.0
638,neighbor,7.0
639,nervous,7.0
640,newyork,7.0
641,nicely,7.0
642,nose,7.0
643,notify,7.0
644,offs,7.0
645,organization,7.0
646,outstanding,7.0
647,overnight,7.0
648,pain,7.0
649,phl,7.0
650,pitairport,7.0
651,plate,7.0
652,platinum,7.0
653,possibly,7.0
654,prefer,7.0
655,pride,7.0
656,properly,7.0
657,rank,7.0
658,refresh,7.0
659,resource,7.0
660,rethink,7.0
661,rough,7.0
662,sample,7.0
663,scan,7.0
664,sculpture,7.0
665,section,7.0
666,shameful,7.0
667,smoothly,7.0
668,sort,7.0
669,specifically,7.0
670,split,7.0
671,sydneyairport,7.0
672,table,7.0
673,themainline,7.0
674,thinking,7.0
675,tired,7.0
676,transfer,7.0
677,ual,7.0
678,verify,7.0
679,violate,7.0
680,vx,7.0
681,whisk,7.0
682,whyiloveao,7.0
683,wild,7.0
684,young,7.0
685,accordingly,6.0
686,ad,6.0
687,admiral,6.0
688,aeroportsmtl,6.0
689,alternative,6.0
690,amendment,6.0
691,amex,6.0
692,angle,6.0
693,anxiety,6.0
694,apart,6.0
695,apilotseye,6.0
696,appropriate,6.0
697,approve,6.0
698,au,6.0
699,audio,6.0
700,autocase,6.0
701,ball,6.0
702,bank,6.0
703,bayresistance,6.0
704,belong,6.0
705,beware,6.0
706,boat,6.0
707,bowl,6.0
708,brilliant,6.0
709,burgerking,6.0
710,cab,6.0
711,cabo,6.0
712,cafe,6.0
713,celiac,6.0
714,chanting,6.0
715,clearance,6.0
716,comfort,6.0
717,commit,6.0
718,conclude,6.0
719,confirmation,6.0
720,coordinate,6.0
721,craft,6.0
722,curbside,6.0
723,dallaslovefield,6.0
724,daniellemorrill,6.0
725,demolition,6.0
726,demonstration,6.0
727,demonstrator,6.0
728,departing,6.0
729,deportation,6.0
730,designate,6.0
731,detainment,6.0
732,detroit,6.0
733,dfs,6.0
734,didnt,6.0
735,dig,6.0
736,discuss,6.0
737,discussion,6.0
738,disgrace,6.0
739,djalexreyes,6.0
740,dl,6.0
741,donald,6.0
742,dubnation,6.0
743,ear,6.0
744,earn,6.0
745,edition,6.0
746,efficient,6.0
747,effortlessly,6.0
748,electric,6.0
749,equatorcoffees,6.0
750,espresso,6.0
751,exp,6.0
752,explanation,6.0
753,fabulous,6.0
754,facilitate,6.0
755,fashion,6.0
756,fb,6.0
757,fit,6.0
758,foggy,6.0
759,frequently,6.0
760,ft,6.0
761,gain,6.0
762,gas,6.0
763,gateway,6.0
764,gensleroncities,6.0
765,gf,6.0
766,ggbridge,6.0
767,gifs,6.0
768,globe,6.0
769,greeting,6.0
770,handling,6.0
771,harvey,6.0
772,harveymilk,6.0
773,haul,6.0
774,hawaiianair,6.0
775,hero,6.0
776,hide,6.0
777,highly,6.0
778,historic,6.0
779,hkg,6.0
780,hmm,6.0
781,hometown,6.0
782,hourly,6.0
783,hug,6.0
784,huh,6.0
785,humanity,6.0
786,hustle,6.0
787,impossible,6.0
788,insight,6.0
789,instagram,6.0
790,instal,6.0
791,interactive,6.0
792,introduce,6.0
793,ipad,6.0
794,israel,6.0
795,jersey,6.0
796,joincapgemini,6.0
797,joint,6.0
798,kona,6.0
799,lake,6.0
800,lately,6.0
801,lauderdale,6.0
802,letthefamilies,6.0
803,letthefamiliesgo,6.0
804,letthelawyersinhttps,6.0
805,luckily,6.0
806,marketing,6.0
807,membership,6.0
808,missed,6.0
809,monitor,6.0
810,movement,6.0
811,mph,6.0
812,munich,6.0
813,neck,6.0
814,noise,6.0
815,onsite,6.0
816,ontario,6.0
817,overtime,6.0
818,participate,6.0
819,pat,6.0
820,period,6.0
821,personnel,6.0
822,plastic,6.0
823,pole,6.0
824,poorly,6.0
825,position,6.0
826,positive,6.0
827,poster,6.0
828,prayer,6.0
829,preparation,6.0
830,prius,6.0
831,product,6.0
832,pt,6.0
833,pup,6.0
834,quote,6.0
835,rapid,6.0
836,reader,6.0
837,religion,6.0
838,reporter,6.0
839,retail,6.0
840,retro,6.0
841,rich,6.0
842,rip,6.0
843,roseanndemoro,6.0
844,ryan,6.0
845,sacintlairport,6.0
846,salad,6.0
847,sanctiflyclub,6.0
848,scenic,6.0
849,screener,6.0
850,seasonal,6.0
851,sergey,6.0
852,settle,6.0
853,shitty,6.0
854,shutdown,6.0
855,signal,6.0
856,silicon,6.0
857,size,6.0
858,snap,6.0
859,snoballs,6.0
860,solve,6.0
861,source,6.0
862,southbound,6.0
863,speech,6.0
864,spent,6.0
865,spy,6.0
866,stall,6.0
867,stock,6.0
868,study,6.0
869,suggest,6.0
870,summit,6.0
871,surely,6.0
872,surge,6.0
873,sushi,6.0
874,tang,6.0
875,teach,6.0
876,tear,6.0
877,terrific,6.0
878,theme,6.0
879,theresistance,6.0
880,tick,6.0
881,timelapse,6.0
882,tiny,6.0
883,toddler,6.0
884,toilet,6.0
885,tomhanks,6.0
886,tram,6.0
887,turkey,6.0
888,turkishairlines,6.0
889,typical,6.0
890,uh,6.0
891,unprofessional,6.0
892,utahjazz,6.0
893,va,6.0
894,vegan,6.0
895,war,6.0
896,xmas,6.0
897,yyz,6.0
898,abuse,5.0
899,accurate,5.0
900,achievement,5.0
901,admit,5.0
902,adorable,5.0
903,af,5.0
904,afraid,5.0
905,airports,5.0
906,alex,5.0
907,analysis,5.0
908,animation,5.0
909,annaaero,5.0
910,annoy,5.0
911,appal,5.0
912,asap,5.0
913,aside,5.0
914,asklyft,5.0
915,asphalt,5.0
916,attitude,5.0
917,august,5.0
918,backpack,5.0
919,behavior,5.0
920,bite,5.0
921,blow,5.0
922,bob,5.0
923,bomb,5.0
924,bouncy,5.0
925,bravo,5.0
926,britishairways,5.0
927,bug,5.0
928,bumpy,5.0
929,campaign,5.0
930,careful,5.0
931,cart,5.0
932,champagne,5.0
933,cheat,5.0
934,checking,5.0
935,cheese,5.0
936,chicken,5.0
937,classy,5.0
938,cleveland,5.0
939,client,5.0
940,closing,5.0
941,clubhouse,5.0
942,colleague,5.0
943,communicate,5.0
944,compensate,5.0
945,complimentary,5.0
946,concierge,5.0
947,confrontation,5.0
948,consistent,5.0
949,constitutional,5.0
950,cooperate,5.0
951,couragecampaign,5.0
952,crappy,5.0
953,cream,5.0
954,creek,5.0
955,dead,5.0
956,death,5.0
957,decision,5.0
958,dedicate,5.0
959,del,5.0
960,deltaassist,5.0
961,dep,5.0
962,department,5.0
963,desert,5.0
964,destroy,5.0
965,dislike,5.0
966,distance,5.0
967,downstairs,5.0
968,dress,5.0
969,drill,5.0
970,driving,5.0
971,dtw,5.0
972,dubai,5.0
973,dulles,5.0
974,dutyfree,5.0
975,earth,5.0
976,eats,5.0
977,eclipse,5.0
978,effort,5.0
979,electronics,5.0
980,eliminate,5.0
981,embarrassment,5.0
982,emoji,5.0
983,english,5.0
984,erin,5.0
985,esp,5.0
986,eva,5.0
987,everyday,5.0
988,everytime,5.0
989,excitement,5.0
990,extend,5.0
991,fascinate,5.0
992,fave,5.0
993,feeling,5.0
994,female,5.0
995,fitting,5.0
996,flightdeal,5.0
997,french,5.0
998,friendship,5.0
999,frm,5.0
1000,fund,5.0
1001,furry,5.0
1002,gamble,5.0
1003,gang,5.0
1004,germany,5.0
1005,ghost,5.0
1006,grade,5.0
1007,greenland,5.0
1008,grill,5.0
1009,guide,5.0
1010,hair,5.0
1011,hangar,5.0
1012,hartford,5.0
1013,headache,5.0
1014,helicopter,5.0
1015,hella,5.0
1016,hmshost,5.0
1017,hobby,5.0
1018,iconic,5.0
1019,ill,5.0
1020,immediate,5.0
1021,inadequacy,5.0
1022,incl,5.0
1023,inefficient,5.0
1024,influence,5.0
1025,inform,5.0
1026,instruction,5.0
1027,internal,5.0
1028,internship,5.0
1029,iphone,5.0
1030,iraq,5.0
1031,jay,5.0
1032,joe,5.0
1033,kamvtv,5.0
1034,kiehls,5.0
1035,kitchen,5.0
1036,layout,5.0
1037,leadership,5.0
1038,legit,5.0
1039,liberty,5.0
1040,limited,5.0
1041,log,5.0
1042,logan,5.0
1043,mainland,5.0
1044,mainline,5.0
1045,maintain,5.0
1046,marathon,5.0
1047,maria,5.0
1048,mary,5.0
1049,mass,5.0
1050,mayor,5.0
1051,med,5.0
1052,memo,5.0
1053,military,5.0
1054,mini,5.0
1055,mobilepassport,5.0
1056,mon,5.0
1057,monterey,5.0
1058,monthly,5.0
1059,nbc,5.0
1060,nc,5.0
1061,oil,5.0
1062,ol,5.0
1063,omaairport,5.0
1064,ongoing,5.0
1065,ontime,5.0
1066,outbound,5.0
1067,outrageous,5.0
1068,paid,5.0
1069,paint,5.0
1070,palm,5.0
1071,pan,5.0
1072,panic,5.0
1073,passing,5.0
1074,pave,5.0
1075,peak,5.0
1076,penny,5.0
1077,phase,5.0
1078,photograph,5.0
1079,piggy,5.0
1080,pillow,5.0
1081,pink,5.0
1082,planespotter,5.0
1083,planet,5.0
1084,player,5.0
1085,plug,5.0
1086,powerful,5.0
1087,presence,5.0
1088,pretend,5.0
1089,prize,5.0
1090,prob,5.0
1091,probe,5.0
1092,profile,5.0
1093,progress,5.0
1094,prologis,5.0
1095,prop,5.0
1096,property,5.0
1097,protection,5.0
1098,puppy,5.0
1099,quality,5.0
1100,quit,5.0
1101,raleigh,5.0
1102,reading,5.0
1103,reasonable,5.0
1104,refund,5.0
1105,relative,5.0
1106,reliable,5.0
1107,replace,5.0
1108,reservation,5.0
1109,resolution,5.0
1110,responsibility,5.0
1111,retrieve,5.0
1112,reveal,5.0
1113,rider,5.0
1114,rout,5.0
1115,russian,5.0
1116,salesforce,5.0
1117,salt,5.0
1118,sam,5.0
1119,sandraleefewer,5.0
1120,sane,5.0
1121,sat,5.0
1122,saudi,5.0
1123,scanner,5.0
1124,secure,5.0
1125,senior,5.0
1126,setting,5.0
1127,sfowagbrigade,5.0
1128,sftravelassn,5.0
1129,shaunking,5.0
1130,showcase,5.0
1131,sigh,5.0
1132,silly,5.0
1133,skywestairlines,5.0
1134,soft,5.0
1135,somebody,5.0
1136,sonoma,5.0
1137,spa,5.0
1138,sponsor,5.0
1139,sprint,5.0
1140,squad,5.0
1141,standby,5.0
1142,stl,5.0
1143,stream,5.0
1144,stress,5.0
1145,suffer,5.0
1146,summeroflove,5.0
1147,supply,5.0
1148,supporter,5.0
1149,supportive,5.0
1150,sustainable,5.0
1151,sw,5.0
1152,swa,5.0
1153,swear,5.0
1154,sweep,5.0
1155,swiss,5.0
1156,talented,5.0
1157,technical,5.0
1158,tfw,5.0
1159,thailand,5.0
1160,throwback,5.0
1161,tmrw,5.0
1162,tough,5.0
1163,tourist,5.0
1164,tray,5.0
1165,trouble,5.0
1166,trust,5.0
1167,um,5.0
1168,ummm,5.0
1169,unconstitutionalban,5.0
1170,union,5.0
1171,unit,5.0
1172,unlock,5.0
1173,upload,5.0
1174,usd,5.0
1175,user,5.0
1176,usgbcncc,5.0
1177,vend,5.0
1178,vintage,5.0
1179,vista,5.0
1180,vs,5.0
1181,walkway,5.0
1182,wash,5.0
1183,web,5.0
1184,wet,5.0
1185,wise,5.0
1186,womensmarch,5.0
1187,wth,5.0
1188,yield,5.0
1189,youtube,5.0
1190,ability,4.0
1191,abort,4.0
1192,abouttheglobe,4.0
1193,acaltitude,4.0
1194,acceptable,4.0
1195,acssanfran,4.0
1196,acterra,4.0
1197,adamparkhomenko,4.0
1198,advice,4.0
1199,agbecerra,4.0
1200,agreed,4.0
1201,ahhh,4.0
1202,airlivenet,4.0
1203,airporttherapydog,4.0
1204,aloha,4.0
1205,amateur,4.0
1206,andale,4.0
1207,antonio,4.0
1208,anxiously,4.0
1209,application,4.0
1210,appreciation,4.0
1211,arriving,4.0
1212,assistant,4.0
1213,association,4.0
1214,attn,4.0
1215,auto,4.0
1216,ave,4.0
1217,aware,4.0
1218,awhile,4.0
1219,aws,4.0
1220,aww,4.0
1221,balloon,4.0
1222,basically,4.0
1223,basis,4.0
1224,battle,4.0
1225,bbq,4.0
1226,bean,4.0
1227,beast,4.0
1228,beating,4.0
1229,belly,4.0
1230,benga,4.0
1231,berkeley,4.0
1232,berlinairport,4.0
1233,bicycle,4.0
1234,bizarre,4.0
1235,blanket,4.0
1236,bon,4.0
1237,boo,4.0
1238,booksincevents,4.0
1239,boom,4.0
1240,brb,4.0
1241,brin,4.0
1242,btwn,4.0
1243,bucket,4.0
1244,buena,4.0
1245,bummer,4.0
1246,burlingamecity,4.0
1247,businessclass,4.0
1248,bwi,4.0
1249,cahsra,4.0
1250,cal,4.0
1251,californian,4.0
1252,cap,4.0
1253,carbon,4.0
1254,caution,4.0
1255,certain,4.0
1256,certainly,4.0
1257,championship,4.0
1258,charlotte,4.0
1259,checkout,4.0
1260,cheeky,4.0
1261,chef,4.0
1262,chris,4.0
1263,clarify,4.0
1264,click,4.0
1265,climate,4.0
1266,clipper,4.0
1267,clothes,4.0
1268,clt,4.0
1269,clue,4.0
1270,cluster,4.0
1271,clutch,4.0
1272,complicit,4.0
1273,compliment,4.0
1274,concrete,4.0
1275,consecutive,4.0
1276,consolidate,4.0
1277,convenient,4.0
1278,conversation,4.0
1279,cooke,4.0
1280,copa,4.0
1281,copenhagen,4.0
1282,cranky,4.0
1283,cruise,4.0
1284,cuddle,4.0
1285,cupcake,4.0
1286,custody,4.0
1287,customize,4.0
1288,cutie,4.0
1289,dammit,4.0
1290,darling,4.0
1291,david,4.0
1292,dca,4.0
1293,dcairports,4.0
1294,deboard,4.0
1295,dec,4.0
1296,decorate,4.0
1297,dedicated,4.0
1298,def,4.0
1299,defeat,4.0
1300,demo,4.0
1301,descend,4.0
1302,detailed,4.0
1303,detour,4.0
1304,development,4.0
1305,dia,4.0
1306,disappear,4.0
1307,disgraceful,4.0
1308,disgust,4.0
1309,disrupt,4.0
1310,diversity,4.0
1311,donation,4.0
1312,dope,4.0
1313,douglas,4.0
1314,drug,4.0
1315,eastbaytimes,4.0
1316,education,4.0
1317,elica,4.0
1318,empathy,4.0
1319,encourage,4.0
1320,endanger,4.0
1321,england,4.0
1322,enroll,4.0
1323,entirely,4.0
1324,entitle,4.0
1325,equal,4.0
1326,escalator,4.0
1327,escape,4.0
1328,escort,4.0
1329,eta,4.0
1330,evacuation,4.0
1331,eventually,4.0
1332,exact,4.0
1333,expansion,4.0
1334,expression,4.0
1335,exquisite,4.0
1336,fab,4.0
1337,fairly,4.0
1338,familiesout,4.0
1339,fantasy,4.0
1340,farm,4.0
1341,farmer,4.0
1342,farsi,4.0
1343,fav,4.0
1344,fedex,4.0
1345,fish,4.0
1346,flightattendant,4.0
1347,flyeia,4.0
1348,flyhia,4.0
1349,flyvolaris,4.0
1350,football,4.0
1351,forbes,4.0
1352,foreign,4.0
1353,forgot,4.0
1354,forth,4.0
1355,foursquarefind,4.0
1356,foxnews,4.0
1357,frankie,4.0
1358,fri,4.0
1359,frisco,4.0
1360,frozen,4.0
1361,frustrate,4.0
1362,ftlauderdale,4.0
1363,gallery,4.0
1364,gamesofchance,4.0
1365,garden,4.0
1366,generation,4.0
1367,gensler,4.0
1368,german,4.0
1369,girlfriend,4.0
1370,glorious,4.0
1371,glutenfree,4.0
1372,gogo,4.0
1373,goodie,4.0
1374,goody,4.0
1375,gourmet,4.0
1376,gov,4.0
1377,greedy,4.0
1378,grey,4.0
1379,grip,4.0
1380,guarantee,4.0
1381,guard,4.0
1382,guided,4.0
1383,gusty,4.0
1384,gym,4.0
1385,hack,4.0
1386,hassle,4.0
1387,hearing,4.0
1388,henselphelps,4.0
1389,highway,4.0
1390,hiring,4.0
1391,hkairport,4.0
1392,holidaytravel,4.0
1393,holocaust,4.0
1394,homebound,4.0
1395,hongkong,4.0
1396,hostage,4.0
1397,hotline,4.0
1398,hudson,4.0
1399,hurricane,4.0
1400,icn,4.0
1401,ig,4.0
1402,iii,4.0
1403,imo,4.0
1404,imperial,4.0
1405,inability,4.0
1406,incompetence,4.0
1407,ineptitude,4.0
1408,ing,4.0
1409,initiative,4.0
1410,inland,4.0
1411,inspiration,4.0
1412,intentionally,4.0
1413,interior,4.0
1414,ist,4.0
1415,jail,4.0
1416,jan,4.0
1417,joeandthejuice,4.0
1418,jon,4.0
1419,kc,4.0
1420,kcbsnews,4.0
1421,knock,4.0
1422,kusama,4.0
1423,labor,4.0
1424,larryspilfogel,4.0
1425,laser,4.0
1426,lay,4.0
1427,learning,4.0
1428,lesson,4.0
1429,letter,4.0
1430,lh,4.0
1431,liberal,4.0
1432,limo,4.0
1433,lockdown,4.0
1434,loop,4.0
1435,lord,4.0
1436,loss,4.0
1437,louis,4.0
1438,loyalty,4.0
1439,lt,4.0
1440,maker,4.0
1441,mandate,4.0
1442,marshall,4.0
1443,mate,4.0
1444,matt,4.0
1445,mbrianaepler,4.0
1446,mcdonalds,4.0
1447,mcdonnell,4.0
1448,meditation,4.0
1449,melbourne,4.0
1450,melt,4.0
1451,merger,4.0
1452,mid,4.0
1453,mindfulness,4.0
1454,miserable,4.0
1455,mislead,4.0
1456,modern,4.0
1457,mood,4.0
1458,moral,4.0
1459,mountain,4.0
1460,msnbc,4.0
1461,mt,4.0
1462,mum,4.0
1463,muslimbanprotesthttps,4.0
1464,napafires,4.0
1465,nasty,4.0
1466,nephew,4.0
1467,nerd,4.0
1468,noisy,4.0
1469,normally,4.0
1470,northbound,4.0
1471,nostalgia,4.0
1472,notmypresident,4.0
1473,november,4.0
1474,nytimes,4.0
1475,nz,4.0
1476,odd,4.0
1477,offering,4.0
1478,oj,4.0
1479,omw,4.0
1480,operational,4.0
1481,opinion,4.0
1482,origin,4.0
1483,ouch,4.0
1484,outline,4.0
1485,overbooked,4.0
1486,overbooking,4.0
1487,overlook,4.0
1488,pad,4.0
1489,painful,4.0
1490,parade,4.0
1491,parisaeroport,4.0
1492,partial,4.0
1493,participant,4.0
1494,particularly,4.0
1495,partnership,4.0
1496,performance,4.0
1497,philippine,4.0
1498,pho,4.0
1499,photographer,4.0
1500,photography,4.0
1501,pile,4.0
1502,ping,4.0
1503,pioneer,4.0
1504,pleased,4.0
1505,pond,4.0
1506,pool,4.0
1507,pop,4.0
1508,possibility,4.0
1509,pound,4.0
1510,premiere,4.0
1511,prepared,4.0
1512,presentation,4.0
1513,prevent,4.0
1514,preview,4.0
1515,produce,4.0
1516,production,4.0
1517,productive,4.0
1518,promote,4.0
1519,prompt,4.0
1520,proper,4.0
1521,proposal,4.0
1522,protocol,4.0
1523,publicize,4.0
1524,pure,4.0
1525,purpose,4.0
1526,quantas,4.0
1527,radio,4.0
1528,raider,4.0
1529,ran,4.0
1530,rebooking,4.0
1531,recommendation,4.0
1532,recover,4.0
1533,redwood,4.0
1534,reenacts,4.0
1535,regularly,4.0
1536,relaxed,4.0
1537,relieve,4.0
1538,rename,4.0
1539,renovate,4.0
1540,reportedly,4.0
1541,repping,4.0
1542,repspeier,4.0
1543,residence,4.0
1544,resisthttps,4.0
1545,responsible,4.0
1546,reunion,4.0
1547,reunite,4.0
1548,rn,4.0
1549,roam,4.0
1550,roast,4.0
1551,role,4.0
1552,router,4.0
1553,russia,4.0
1554,rv,4.0
1555,sadness,4.0
1556,sanfranmag,4.0
1557,santarosa,4.0
1558,satairport,4.0
1559,satellite,4.0
1560,scale,4.0
1561,sccdp,4.0
1562,science,4.0
1563,scream,4.0
1564,seatac,4.0
1565,seating,4.0
1566,sector,4.0
1567,segment,4.0
1568,selection,4.0
1569,seth,4.0
1570,sfoplanespotter,4.0
1571,sfouafriendly,4.0
1572,shade,4.0
1573,shirt,4.0
1574,shitshow,4.0
1575,silent,4.0
1576,sing,4.0
1577,slam,4.0
1578,slice,4.0
1579,slide,4.0
1580,slightly,4.0
1581,slot,4.0
1582,sneak,4.0
1583,soap,4.0
1584,sonomafire,4.0
1585,sonomafires,4.0
1586,southern,4.0
1587,speaking,4.0
1588,specialist,4.0
1589,spokesperson,4.0
1590,sq,4.0
1591,square,4.0
1592,squeeze,4.0
1593,stair,4.0
1594,standing,4.0
1595,starwars,4.0
1596,stella,4.0
1597,stressful,4.0
1598,submit,4.0
1599,success,4.0
1600,sudden,4.0
1601,suddenly,4.0
1602,superb,4.0
1603,surprised,4.0
1604,syria,4.0
1605,tackle,4.0
1606,taiwanese,4.0
1607,tape,4.0
1608,target,4.0
1609,tarmaclife,4.0
1610,taxiing,4.0
1611,techinclusion,4.0
1612,tempt,4.0
1613,thats,4.0
1614,tie,4.0
1615,tim,4.0
1616,tlv,4.0
1617,trans,4.0
1618,transportals,4.0
1619,travelblogger,4.0
1620,travelretail,4.0
1621,trek,4.0
1622,trick,4.0
1623,truth,4.0
1624,tur,4.0
1625,turkish,4.0
1626,twittersf,4.0
1627,uae,4.0
1628,unjust,4.0
1629,unlimited,4.0
1630,unreal,4.0
1631,urgent,4.0
1632,vafaie,4.0
1633,value,4.0
1634,variety,4.0
1635,veggie,4.0
1636,vendor,4.0
1637,version,4.0
1638,vet,4.0
1639,victim,4.0
1640,visible,4.0
1641,visitca,4.0
1642,vmware,4.0
1643,waiting,4.0
1644,weak,4.0
1645,weekly,4.0
1646,wellness,4.0
1647,whirlwind,4.0
1648,whoa,4.0
1649,wknd,4.0
1650,woo,4.0
1651,workshop,4.0
1652,wowairsupport,4.0
1653,youth,4.0
1654,zoo,4.0
1655,abandon,3.0
1656,aborted,3.0
1657,abroad,3.0
1658,abt,3.0
1659,accident,3.0
1660,accidentally,3.0
1661,actively,3.0
1662,acv,3.0
1663,ada,3.0
1664,advertisement,3.0
1665,aer,3.0
1666,aerial,3.0
1667,aeropuerto,3.0
1668,afford,3.0
1669,africa,3.0
1670,airlineroute,3.0
1671,airspace,3.0
1672,airtraffic,3.0
1673,akl,3.0
1674,alabama,3.0
1675,albuquerque,3.0
1676,alcohol,3.0
1677,align,3.0
1678,alike,3.0
1679,allegedly,3.0
1680,allengroupinc,3.0
1681,alliance,3.0
1682,altitude,3.0
1683,alto,3.0
1684,amazon,3.0
1685,ambassador,3.0
1686,americanairlines,3.0
1687,andrew,3.0
1688,andy,3.0
1689,angel,3.0
1690,animalassistedtherapy,3.0
1691,ann,3.0
1692,anncoulter,3.0
1693,anne,3.0
1694,annoyed,3.0
1695,anticipated,3.0
1696,antonov,3.0
1697,anybody,3.0
1698,applause,3.0
1699,appointment,3.0
1700,approx,3.0
1701,apps,3.0
1702,ar,3.0
1703,arabia,3.0
1704,arcata,3.0
1705,architect,3.0
1706,argh,3.0
1707,arm,3.0
1708,artwork,3.0
1709,arubanetworks,3.0
1710,asleep,3.0
1711,assault,3.0
1712,assign,3.0
1713,associate,3.0
1714,atleast,3.0
1715,attach,3.0
1716,auntie,3.0
1717,availability,3.0
1718,badge,3.0
1719,badly,3.0
1720,bae,3.0
1721,bake,3.0
1722,barber,3.0
1723,basking,3.0
1724,battery,3.0
1725,bayareacouncil,3.0
1726,baybridge,3.0
1727,baymilcom,3.0
1728,bbishopairport,3.0
1729,bbj,3.0
1730,beg,3.0
1731,behalf,3.0
1732,behave,3.0
1733,bell,3.0
1734,better,3.0
1735,beverage,3.0
1736,booking,3.0
1737,bourdain,3.0
1738,bout,3.0
1739,bp,3.0
1740,brace,3.0
1741,brain,3.0
1742,brass,3.0
1743,brazil,3.0
1744,breezy,3.0
1745,bronco,3.0
1746,buck,3.0
1747,bud,3.0
1748,buffalo,3.0
1749,bull,3.0
1750,bum,3.0
1751,burbank,3.0
1752,button,3.0
1753,bypass,3.0
1754,calgary,3.0
1755,californiawildfires,3.0
1756,cam,3.0
1757,campus,3.0
1758,carpet,3.0
1759,carryon,3.0
1760,castro,3.0
1761,cattle,3.0
1762,caught,3.0
1763,cellphone,3.0
1764,century,3.0
1765,certify,3.0
1766,chain,3.0
1767,champ,3.0
1768,champion,3.0
1769,chanel,3.0
1770,chaotic,3.0
1771,charger,3.0
1772,charm,3.0
1773,cheerful,3.0
1774,chefwonder,3.0
1775,chile,3.0
1776,chinaeasternna,3.0
1777,chpsanfrancisco,3.0
1778,christ,3.0
1779,christian,3.0
1780,cio,3.0
1781,circumstance,3.0
1782,cite,3.0
1783,clog,3.0
1784,closed,3.0
1785,cloudy,3.0
1786,clus,3.0
1787,cmon,3.0
1788,coat,3.0
1789,coconut,3.0
1790,collect,3.0
1791,colorado,3.0
1792,combo,3.0
1793,comedy,3.0
1794,comin,3.0
1795,coming,3.0
1796,commences,3.0
1797,commitment,3.0
1798,communist,3.0
1799,compasssfo,3.0
1800,compelling,3.0
1801,competition,3.0
1802,concept,3.0
1803,concert,3.0
1804,condemn,3.0
1805,conduct,3.0
1806,configuration,3.0
1807,consistency,3.0
1808,console,3.0
1809,constantly,3.0
1810,container,3.0
1811,continental,3.0
1812,continued,3.0
1813,controller,3.0
1814,convert,3.0
1815,conveyor,3.0
1816,convince,3.0
1817,coolest,3.0
1818,corkairport,3.0
1819,corn,3.0
1820,correctly,3.0
1821,cosairport,3.0
1822,courteous,3.0
1823,cphairports,3.0
1824,craziness,3.0
1825,creative,3.0
1826,creep,3.0
1827,crewlife,3.0
1828,crowded,3.0
1829,cruel,3.0
1830,cuba,3.0
1831,culinary,3.0
1832,curfew,3.0
1833,curse,3.0
1834,customs,3.0
1835,cycling,3.0
1836,dan,3.0
1837,danger,3.0
1838,dave,3.0
1839,davos,3.0
1840,deadline,3.0
1841,decoration,3.0
1842,defeo,3.0
1843,definition,3.0
1844,deli,3.0
1845,demonstrate,3.0
1846,departures,3.0
1847,deploy,3.0
1848,detector,3.0
1849,developer,3.0
1850,dfsofficial,3.0
1851,diaper,3.0
1852,dictatorship,3.0
1853,didyouknow,3.0
1854,dis,3.0
1855,disability,3.0
1856,discount,3.0
1857,disembark,3.0
1858,dispatch,3.0
1859,distract,3.0
1860,disturb,3.0
1861,divide,3.0
1862,dj,3.0
1863,dogpatch,3.0
1864,dollar,3.0
1865,dooris,3.0
1866,dot,3.0
1867,downside,3.0
1868,drama,3.0
1869,dramatic,3.0
1870,drizzle,3.0
1871,dryer,3.0
1872,dumb,3.0
1873,dxb,3.0
1874,eagle,3.0
1875,ease,3.0
1876,ed,3.0
1877,edge,3.0
1878,educate,3.0
1879,eff,3.0
1880,efficiency,3.0
1881,ek,3.0
1882,el,3.0
1883,electricity,3.0
1884,elevator,3.0
1885,elite,3.0
1886,emiratessupport,3.0
1887,emotion,3.0
1888,employment,3.0
1889,empower,3.0
1890,endmuslimban,3.0
1891,endovershoot,3.0
1892,energyefficiency,3.0
1893,enforcer,3.0
1894,engage,3.0
1895,equality,3.0
1896,error,3.0
1897,estate,3.0
1898,estimate,3.0
1899,eup,3.0
1900,european,3.0
1901,evaluate,3.0
1902,eve,3.0
1903,evidence,3.0
1904,exception,3.0
1905,excessive,3.0
1906,exchange,3.0
1907,exempt,3.0
1908,factor,3.0
1909,failure,3.0
1910,false,3.0
1911,familyguyonfox,3.0
1912,favourite,3.0
1913,fcc,3.0
1914,feat,3.0
1915,feb,3.0
1916,fell,3.0
1917,ffs,3.0
1918,firstworldproblems,3.0
1919,fl,3.0
1920,flagship,3.0
1921,flee,3.0
1922,flightaware,3.0
1923,flip,3.0
1924,flts,3.0
1925,flygrford,3.0
1926,flyin,3.0
1927,fml,3.0
1928,folks,3.0
1929,forum,3.0
1930,foster,3.0
1931,frame,3.0
1932,fransisco,3.0
1933,freshly,3.0
1934,frighten,3.0
1935,frontierair,3.0
1936,ftw,3.0
1937,fundraise,3.0
1938,funeral,3.0
1939,funky,3.0
1940,furniture,3.0
1941,gah,3.0
1942,gatewayairport,3.0
1943,gavin,3.0
1944,gdc,3.0
1945,gdp,3.0
1946,gee,3.0
1947,general,3.0
1948,genslerlfstyle,3.0
1949,globally,3.0
1950,goddamn,3.0
1951,gottsroadside,3.0
1952,grandhyattsf,3.0
1953,greatly,3.0
1954,greenbeanscafe,3.0
1955,greenbuild,3.0
1956,greenbuilding,3.0
1957,gridlock,3.0
1958,grows,3.0
1959,guacamole,3.0
1960,gulf,3.0
1961,hah,3.0
1962,hail,3.0
1963,happiness,3.0
1964,harass,3.0
1965,harder,3.0
1966,hatred,3.0
1967,hazard,3.0
1968,heavenly,3.0
1969,helmet,3.0
1970,hillaryronen,3.0
1971,hipster,3.0
1972,hispanic,3.0
1973,historical,3.0
1974,hole,3.0
1975,hollywood,3.0
1976,homeless,3.0
1977,hoo,3.0
1978,hoodies,3.0
1979,horribly,3.0
1980,horse,3.0
1981,housing,3.0
1982,howdy,3.0
1983,hubby,3.0
1984,hurricaneirma,3.0
1985,hurt,3.0
1986,hydration,3.0
1987,idiotic,3.0
1988,idk,3.0
1989,iexplorechat,3.0
1990,iflyspokane,3.0
1991,implementation,3.0
1992,incorrect,3.0
1993,indian,3.0
1994,indianapolis,3.0
1995,inflight,3.0
1996,innovative,3.0
1997,install,3.0
1998,instant,3.0
1999,intercom,3.0
2000,internacional,3.0
2001,internships,3.0
2002,introduces,3.0
2003,invest,3.0
2004,ipads,3.0
2005,iraqi,3.0
2006,irish,3.0
2007,irony,3.0
2008,isi,3.0
2009,istanbulairport,3.0
2010,itallstartsinmanchester,3.0
2011,itinerary,3.0
2012,james,3.0
2013,janekim,3.0
2014,japanese,3.0
2015,jordan,3.0
2016,jumpseat,3.0
2017,katie,3.0
2018,kbcwtv,3.0
2019,keeper,3.0
2020,kefairport,3.0
2021,kevin,3.0
2022,kindle,3.0
2023,kindly,3.0
2024,kiswani,3.0
2025,knoxville,3.0
2026,kqed,3.0
2027,labound,3.0
2028,laguardia,3.0
2029,landed,3.0
2030,language,3.0
2031,lara,3.0
2032,laundry,3.0
2033,layer,3.0
2034,laywers,3.0
2035,legacy,3.0
2036,legend,3.0
2037,lem,3.0
2038,length,3.0
2039,letthepeopleout,3.0
2040,library,3.0
2041,lifting,3.0
2042,limonsf,3.0
2043,lingus,3.0
2044,lmao,3.0
2045,lobby,3.0
2046,londoncityair,3.0
2047,loved,3.0
2048,lulu,3.0
2049,luncheon,3.0
2050,madhouse,3.0
2051,madrid,3.0
2052,maga,3.0
2053,magazine,3.0
2054,magical,3.0
2055,magnet,3.0
2056,maintance,3.0
2057,majestic,3.0
2058,mama,3.0
2059,manner,3.0
2060,mascot,3.0
2061,massage,3.0
2062,material,3.0
2063,mdw,3.0
2064,meantime,3.0
2065,measure,3.0
2066,medicine,3.0
2067,meetingprofs,3.0
2068,meetinsf,3.0
2069,meltdown,3.0
2070,melygreen,3.0
2071,merge,3.0
2072,mgafni,3.0
2073,miccheck,3.0
2074,microphone,3.0
2075,midday,3.0
2076,mike,3.0
2077,milestone,3.0
2078,minnesota,3.0
2079,mobilize,3.0
2080,mondaymotivation,3.0
2081,morally,3.0
2082,morn,3.0
2083,mouth,3.0
2084,mover,3.0
2085,muc,3.0
2086,muni,3.0
2087,murray,3.0
2088,muslims,3.0
2089,mustafa,3.0
2090,nah,3.0
2091,names,3.0
2092,napafire,3.0
2093,narrow,3.0
2094,natalie,3.0
2095,nba,3.0
2096,nearby,3.0
2097,neilhimself,3.0
2098,neutral,3.0
2099,newjersey,3.0
2100,newly,3.0
2101,nicer,3.0
2102,nj,3.0
2103,norm,3.0
2104,northwest,3.0
2105,nosurge,3.0
2106,notcool,3.0
2107,nov,3.0
2108,npr,3.0
2109,numerous,3.0
2110,obviously,3.0
2111,occasion,3.0
2112,occupied,3.0
2113,ocean,3.0
2114,oddly,3.0
2115,offline,3.0
2116,onthisday,3.0
2117,onwards,3.0
2118,opt,3.0
2119,ordeal,3.0
2120,organic,3.0
2121,organizer,3.0
2122,orientation,3.0
2123,outrage,3.0
2124,outta,3.0
2125,overflow,3.0
2126,overwhelm,3.0
2127,owner,3.0
2128,pace,3.0
2129,paine,3.0
2130,panam,3.0
2131,particular,3.0
2132,pathetic,3.0
2133,patientexperience,3.0
2134,pause,3.0
2135,peek,3.0
2136,peninsula,3.0
2137,perfectly,3.0
2138,perry,3.0
2139,personally,3.0
2140,peru,3.0
2141,peter,3.0
2142,physical,3.0
2143,pie,3.0
2144,piefivepizza,3.0
2145,pilotlife,3.0
2146,pilotsview,3.0
2147,pin,3.0
2148,pitbull,3.0
2149,plaintiff,3.0
2150,planeporn,3.0
2151,planetacterra,3.0
2152,platform,3.0
2153,pleasantly,3.0
2154,plshopdinefly,3.0
2155,pluginamerica,3.0
2156,po,3.0
2157,pocket,3.0
2158,podcast,3.0
2159,poetry,3.0
2160,polar,3.0
2161,politics,3.0
2162,poll,3.0
2163,poorservice,3.0
2164,pose,3.0
2165,potential,3.0
2166,potentially,3.0
2167,potnusa,3.0
2168,practically,3.0
2169,premiumlounge,3.0
2170,prepares,3.0
2171,pres,3.0
2172,previous,3.0
2173,pricing,3.0
2174,prioritypass,3.0
2175,privatize,3.0
2176,probs,3.0
2177,procedure,3.0
2178,professionally,3.0
2179,professor,3.0
2180,propose,3.0
2181,prove,3.0
2182,psyched,3.0
2183,pun,3.0
2184,purewow,3.0
2185,pursue,3.0
2186,pvr,3.0
2187,qots,3.0
2188,quicker,3.0
2189,rainfall,3.0
2190,randomly,3.0
2191,rarely,3.0
2192,rd,3.0
2193,rear,3.0
2194,rebuild,3.0
2195,recall,3.0
2196,recap,3.0
2197,receiver,3.0
2198,reckless,3.0
2199,reconsider,3.0
2200,recycle,3.0
2201,refer,3.0
2202,refreshment,3.0
2203,region,3.0
2204,register,3.0
2205,regrann,3.0
2206,regret,3.0
2207,reindeer,3.0
2208,relation,3.0
2209,rely,3.0
2210,remodel,3.0
2211,renoairport,3.0
2212,replacement,3.0
2213,representative,3.0
2214,reserve,3.0
2215,resisttrumphttps,3.0
2216,reusable,3.0
2217,reward,3.0
2218,rfp,3.0
2219,ro,3.0
2220,rob,3.0
2221,rotate,3.0
2222,rotation,3.0
2223,routine,3.0
2224,rumble,3.0
2225,rwy,3.0
2226,sadden,3.0
2227,sagarpathak,3.0
2228,sail,3.0
2229,salmon,3.0
2230,salute,3.0
2231,samsungdevus,3.0
2232,sandiego,3.0
2233,sandwhich,3.0
2234,sanmateocounty,3.0
2235,sayin,3.0
2236,sbairport,3.0
2237,scam,3.0
2238,scenario,3.0
2239,scheduling,3.0
2240,scope,3.0
2241,score,3.0
2242,scotch,3.0
2243,screenshot,3.0
2244,seahawks,3.0
2245,secondary,3.0
2246,seemingly,3.0
2247,sent,3.0
2248,sequence,3.0
2249,session,3.0
2250,setup,3.0
2251,seven,3.0
2252,sfbayresistancehttps,3.0
2253,sffd,3.0
2254,sfohistory,3.0
2255,sfoua,3.0
2256,sfspca,3.0
2257,sfwater,3.0
2258,shadow,3.0
2259,shake,3.0
2260,shark,3.0
2261,sheet,3.0
2262,shooter,3.0
2263,shortcut,3.0
2264,si,3.0
2265,sierra,3.0
2266,sierraclub,3.0
2267,sighting,3.0
2268,simulate,3.0
2269,sj,3.0
2270,skill,3.0
2271,sleeping,3.0
2272,slr,3.0
2273,smartcities,3.0
2274,sna,3.0
2275,snowy,3.0
2276,sock,3.0
2277,solareclipse,3.0
2278,soup,3.0
2279,sp,3.0
2280,spacious,3.0
2281,spaulsonktvu,3.0
2282,spawn,3.0
2283,spell,3.0
2284,spoil,3.0
2285,spokane,3.0
2286,sport,3.0
2287,spotting,3.0
2288,srsly,3.0
2289,starve,3.0
2290,steady,3.0
2291,stellar,3.0
2292,strategy,3.0
2293,streetfood,3.0
2294,stretch,3.0
2295,stroller,3.0
2296,struggle,3.0
2297,sub,3.0
2298,suit,3.0
2299,sum,3.0
2300,sup,3.0
2301,supdavepine,3.0
2302,surcharge,3.0
2303,sustain,3.0
2304,sustainablesmc,3.0
2305,swag,3.0
2306,swarmapp,3.0
2307,sweepstakes,3.0
2308,sweetheart,3.0
2309,swim,3.0
2310,swining,3.0
2311,sword,3.0
2312,tahiti,3.0
2313,tandem,3.0
2314,tarmack,3.0
2315,tea,3.0
2316,teammate,3.0
2317,teamwork,3.0
2318,teddy,3.0
2319,tedrubin,3.0
2320,teenager,3.0
2321,telaviv,3.0
2322,tend,3.0
2323,tender,3.0
2324,teresa,3.0
2325,terror,3.0
2326,terrorism,3.0
2327,terrorist,3.0
2328,thanksgivingeve,3.0
2329,theater,3.0
2330,theplantcafe,3.0
2331,thetypewriter,3.0
2332,threat,3.0
2333,thurs,3.0
2334,tic,3.0
2335,tiger,3.0
2336,tigerbeat,3.0
2337,timely,3.0
2338,timing,3.0
2339,tix,3.0
2340,tmom,3.0
2341,toast,3.0
2342,toby,3.0
2343,todayinthesky,3.0
2344,tofu,3.0
2345,torture,3.0
2346,tourism,3.0
2347,toy,3.0
2348,transgender,3.0
2349,transportworker,3.0
2350,travelskillshttps,3.0
2351,trend,3.0
2352,tribute,3.0
2353,trigger,3.0
2354,tripswithtykes,3.0
2355,trolley,3.0
2356,trumpban,3.0
2357,trumphotels,3.0
2358,tucsonairport,3.0
2359,tupelo,3.0
2360,twa,3.0
2361,tweeting,3.0
2362,typically,3.0
2363,ugly,3.0
2364,ultimately,3.0
2365,umm,3.0
2366,unable,3.0
2367,understanding,3.0
2368,unfair,3.0
2369,uniform,3.0
2370,unitedsucks,3.0
2371,unites,3.0
2372,unjustly,3.0
2373,unlike,3.0
2374,unload,3.0
2375,uso,3.0
2376,valencia,3.0
2377,van,3.0
2378,various,3.0
2379,vending,3.0
2380,veteran,3.0
2381,victory,3.0
2382,vid,3.0
2383,vinovolo,3.0
2384,violation,3.0
2385,virtue,3.0
2386,visitacion,3.0
2387,visitsf,3.0
2388,visual,3.0
2389,voiceworkshop,3.0
2390,volume,3.0
2391,wagpatrol,3.0
2392,wallet,3.0
2393,warrant,3.0
2394,wasnt,3.0
2395,waterfront,3.0
2396,wayfinding,3.0
2397,weigh,3.0
2398,westcoast,3.0
2399,westfield,3.0
2400,wheelsdown,3.0
2401,wheresjan,3.0
2402,whew,3.0
2403,whodoyouserve,3.0
2404,whoop,3.0
2405,wide,3.0
2406,william,3.0
2407,windowseat,3.0
2408,windshield,3.0
2409,winecountryfires,3.0
2410,wiper,3.0
2411,worried,3.0
2412,worst,3.0
2413,worthwhile,3.0
2414,wouldnt,3.0
2415,writer,3.0
2416,wx,3.0
2417,xd,3.0
2418,xlei,3.0
2419,yayoi,3.0
2420,yelp,3.0
2421,yuck,3.0
2422,yul,3.0
2423,zen,3.0
2424,zne,3.0
2425,zrh,3.0
2426,zurich,3.0
2427,aal,2.0
2428,aaoms,2.0
2429,aateam,2.0
2430,ab,2.0
2431,abc,2.0
2432,abrasive,2.0
2433,abstract,2.0
2434,abusive,2.0
2435,abysmal,2.0
2436,accenture,2.0
2437,accessibility,2.0
2438,accessory,2.0
2439,accommodation,2.0
2440,accomplice,2.0
2441,accountability,2.0
2442,acct,2.0
2443,accurately,2.0
2444,acknowledge,2.0
2445,actionstargames,2.0
2446,actualy,2.0
2447,adam,2.0
2448,adaptation,2.0
2449,added,2.0
2450,adelaideairport,2.0
2451,adios,2.0
2452,adore,2.0
2453,advantage,2.0
2454,advertise,2.0
2455,advertising,2.0
2456,aed,2.0
2457,aethihad,2.0
2458,affair,2.0
2459,affordable,2.0
2460,aftacon,2.0
2461,ag,2.0
2462,ageny,2.0
2463,aggressive,2.0
2464,agreement,2.0
2465,aide,2.0
2466,airbnb,2.0
2467,airfare,2.0
2468,airfranceus,2.0
2469,airlineflyer,2.0
2470,airlinegeeks,2.0
2471,airlinesampler,2.0
2472,airman,2.0
2473,airnzfairy,2.0
2474,airportdelay,2.0
2475,airportdelays,2.0
2476,airporthttps,2.0
2477,airportraits,2.0
2478,airportsecurity,2.0
2479,airportshttp,2.0
2480,airporttoptips,2.0
2481,airshow,2.0
2482,airways,2.0
2483,al,2.0
2484,ala,2.0
2485,alaskaairlines,2.0
2486,alaskan,2.0
2487,albeit,2.0
2488,album,2.0
2489,alcatraz,2.0
2490,alcatrazisland,2.0
2491,alejandro,2.0
2492,alejandrotoledo,2.0
2493,algorithm,2.0
2494,alien,2.0
2495,allergy,2.0
2496,ally,2.0
2497,alot,2.0
2498,alwayssf,2.0
2499,amazingly,2.0
2500,amexcenturion,2.0
2501,amid,2.0
2502,amp,2.0
2503,amt,2.0
2504,amy,2.0
2505,ana,2.0
2506,ankle,2.0
2507,anniv,2.0
2508,announcer,2.0
2509,annoying,2.0
2510,antsy,2.0
2511,anxious,2.0
2512,apimanagement,2.0
2513,appearance,2.0
2514,appropriately,2.0
2515,approximately,2.0
2516,arch,2.0
2517,arena,2.0
2518,arent,2.0
2519,arity,2.0
2520,arizona,2.0
2521,arlanda,2.0
2522,armstrong,2.0
2523,aroc,2.0
2524,arounds,2.0
2525,arrange,2.0
2526,arro,2.0
2527,arthur,2.0
2528,ashley,2.0
2529,asianaairlines,2.0
2530,asinine,2.0
2531,aspiration,2.0
2532,atm,2.0
2533,atrocity,2.0
2534,audi,2.0
2535,aunt,2.0
2536,aus,2.0
2537,autodesk,2.0
2538,autographed,2.0
2539,autographs,2.0
2540,avail,2.0
2541,avgeekery,2.0
2542,avgeekretweeter,2.0
2543,aviationphotography,2.0
2544,avocado,2.0
2545,avoidable,2.0
2546,awareness,2.0
2547,awe,2.0
2548,awesomeness,2.0
2549,awkward,2.0
2550,awwww,2.0
2551,azwx,2.0
2552,baaaack,2.0
2553,babylon,2.0
2554,bachelor,2.0
2555,backdrop,2.0
2556,backwards,2.0
2557,bacon,2.0
2558,badass,2.0
2559,badcoordination,2.0
2560,badpoetryday,2.0
2561,bagel,2.0
2562,bail,2.0
2563,bali,2.0
2564,baltimore,2.0
2565,bangkok,2.0
2566,banjo,2.0
2567,bankofthewest,2.0
2568,bankrupt,2.0
2569,barbie,2.0
2570,bark,2.0
2571,barrel,2.0
2572,barricade,2.0
2573,baseball,2.0
2574,bash,2.0
2575,basic,2.0
2576,basketball,2.0
2577,bayareastorm,2.0
2578,baybridgeinfo,2.0
2579,bayshore,2.0
2580,bbc,2.0
2581,bcbsnc,2.0
2582,bd,2.0
2583,beautifully,2.0
2584,beep,2.0
2585,belknap,2.0
2586,bend,2.0
2587,bernal,2.0
2588,beth,2.0
2589,betray,2.0
2590,betrayal,2.0
2591,beveried,2.0
2592,bff,2.0
2593,bias,2.0
2594,bid,2.0
2595,biggmarv,2.0
2596,bigmetalbird,2.0
2597,billyeichner,2.0
2598,bind,2.0
2599,biofuel,2.0
2600,biometrics,2.0
2601,birthdayweek,2.0
2602,bitch,2.0
2603,blade,2.0
2604,blanca,2.0
2605,blatantly,2.0
2606,blood,2.0
2607,bloody,2.0
2608,blrairport,2.0
2609,boast,2.0
2610,bobnbc,2.0
2611,boeingpix,2.0
2612,bog,2.0
2613,bogota,2.0
2614,boise,2.0
2615,bolt,2.0
2616,bombardierjets,2.0
2617,bomber,2.0
2618,bone,2.0
2619,boob,2.0
2620,booksinc,2.0
2621,boop,2.0
2622,booyah,2.0
2623,borrow,2.0
2624,boudinbakery,2.0
2625,boycott,2.0
2626,boyfriend,2.0
2627,boys,2.0
2628,bozemanairport,2.0
2629,bra,2.0
2630,bradley,2.0
2631,brag,2.0
2632,braniff,2.0
2633,breaker,2.0
2634,breath,2.0
2635,brighten,2.0
2636,brisbaneairport,2.0
2637,broccoli,2.0
2638,brook,2.0
2639,brown,2.0
2640,brownie,2.0
2641,browse,2.0
2642,bruh,2.0
2643,brunch,2.0
2644,brussels,2.0
2645,bubble,2.0
2646,buckle,2.0
2647,bufairport,2.0
2648,buggy,2.0
2649,bulasfo,2.0
2650,bundle,2.0
2651,bunny,2.0
2652,bureaucratic,2.0
2653,bush,2.0
2654,bustin,2.0
2655,butt,2.0
2656,cae,2.0
2657,cafecito,2.0
2658,caffeine,2.0
2659,caf√©,2.0
2660,cair,2.0
2661,calculate,2.0
2662,calif,2.0
2663,califiafarms,2.0
2664,caltranshq,2.0
2665,calvinzito,2.0
2666,cambodia,2.0
2667,camilleos,2.0
2668,camper,2.0
2669,cancelledflight,2.0
2670,candle,2.0
2671,cape,2.0
2672,capgeminiukpr,2.0
2673,capt,2.0
2674,cardiff,2.0
2675,carmel,2.0
2676,carmen,2.0
2677,carter,2.0
2678,casegpw,2.0
2679,casemai,2.0
2680,cash,2.0
2681,category,2.0
2682,cavs,2.0
2683,caw,2.0
2684,celebrated,2.0
2685,celebrates,2.0
2686,celsius,2.0
2687,certificate,2.0
2688,chandon,2.0
2689,changecatalysts,2.0
2690,charging,2.0
2691,chariot,2.0
2692,charles,2.0
2693,charlie,2.0
2694,charming,2.0
2695,chart,2.0
2696,charter,2.0
2697,chasesupport,2.0
2698,chattel,2.0
2699,chauffeur,2.0
2700,cherry,2.0
2701,chhay,2.0
2702,chi,2.0
2703,chiarello,2.0
2704,childhood,2.0
2705,chilling,2.0
2706,chin,2.0
2707,christine,2.0
2708,chs,2.0
2709,ci,2.0
2710,ciao,2.0
2711,cioonline,2.0
2712,cisco,2.0
2713,ciscopride,2.0
2714,cityoflasvegas,2.0
2715,cityofsanmateo,2.0
2716,cityofssf,2.0
2717,civic,2.0
2718,civilize,2.0
2719,civilrights,2.0
2720,clarity,2.0
2721,clause,2.0
2722,clerk,2.0
2723,clever,2.0
2724,clgoodman,2.0
2725,climatechange,2.0
2726,clint,2.0
2727,clinton,2.0
2728,clown,2.0
2729,clusterfuck,2.0
2730,cm,2.0
2731,cnewsfeedus,2.0
2732,cnnbrk,2.0
2733,coach,2.0
2734,coastal,2.0
2735,coda,2.0
2736,codejam,2.0
2737,coherent,2.0
2738,coincidence,2.0
2739,coincidentally,2.0
2740,collective,2.0
2741,collide,2.0
2742,collins,2.0
2743,comical,2.0
2744,commuter,2.0
2745,compete,2.0
2746,completes,2.0
2747,complex,2.0
2748,compliant,2.0
2749,conciergekey,2.0
2750,conditioner,2.0
2751,conductivity,2.0
2752,confiscate,2.0
2753,conflict,2.0
2754,conflicting,2.0
2755,confused,2.0
2756,confusion,2.0
2757,congress,2.0
2758,conservative,2.0
2759,considerate,2.0
2760,consistently,2.0
2761,consult,2.0
2762,consultantlife,2.0
2763,contractor,2.0
2764,convenience,2.0
2765,conviction,2.0
2766,convinced,2.0
2767,cookie,2.0
2768,cooky,2.0
2769,copilot,2.0
2770,core,2.0
2771,correction,2.0
2772,corruption,2.0
2773,costumer,2.0
2774,couch,2.0
2775,council,2.0
2776,countdown,2.0
2777,courage,2.0
2778,cow,2.0
2779,coyote,2.0
2780,craftbeer,2.0
2781,crave,2.0
2782,craving,2.0
2783,cray,2.0
2784,creepy,2.0
2785,crucial,2.0
2786,crush,2.0
2787,csairglobal,2.0
2788,csnyofficial,2.0
2789,csr,2.0
2790,cue,2.0
2791,cuff,2.0
2792,culture,2.0
2793,curation,2.0
2794,cust,2.0
2795,custodian,2.0
2796,customerexperience,2.0
2797,customersborder,2.0
2798,customerservicefail,2.0
2799,cuteness,2.0
2800,cutest,2.0
2801,cutoff,2.0
2802,cvg,2.0
2803,cvgnext,2.0
2804,dangerous,2.0
2805,danielle,2.0
2806,davewallsworth,2.0
2807,dealys,2.0
2808,debacle,2.0
2809,deboarded,2.0
2810,debut,2.0
2811,dee,2.0
2812,deeply,2.0
2813,default,2.0
2814,defcon,2.0
2815,defense,2.0
2816,defer,2.0
2817,dejavu,2.0
2818,deleteuracct,2.0
2819,delhi,2.0
2820,delusional,2.0
2821,demoro,2.0
2822,denis,2.0
2823,dennisherrera,2.0
2824,depend,2.0
2825,depends,2.0
2826,deplete,2.0
2827,deprivation,2.0
2828,deputy,2.0
2829,description,2.0
2830,deserves,2.0
2831,dessert,2.0
2832,destiny,2.0
2833,dhcp,2.0
2834,dictator,2.0
2835,differently,2.0
2836,digitalnomad,2.0
2837,diner,2.0
2838,dirty,2.0
2839,disappointment,2.0
2840,disastrous,2.0
2841,discontinue,2.0
2842,discrepancy,2.0
2843,discrimination,2.0
2844,dismantle,2.0
2845,disney,2.0
2846,disrespectful,2.0
2847,disruption,2.0
2848,dissent,2.0
2849,district,2.0
2850,division,2.0
2851,dobetter,2.0
2852,doctor,2.0
2853,dogfather,2.0
2854,doha,2.0
2855,dominate,2.0
2856,dongle,2.0
2857,donnelly,2.0
2858,donut,2.0
2859,doom,2.0
2860,doorway,2.0
2861,doot,2.0
2862,dotherightthing,2.0
2863,dreamliners,2.0
2864,drone,2.0
2865,dropoffs,2.0
2866,drown,2.0
2867,drunk,2.0
2868,drunken,2.0
2869,dub,2.0
2870,dubaiairports,2.0
2871,duck,2.0
2872,dufl,2.0
2873,duh,2.0
2874,dunk,2.0
2875,dunno,2.0
2876,duration,2.0
2877,dusairport,2.0
2878,dutch,2.0
2879,dyk,2.0
2880,dykeman,2.0
2881,dynamic,2.0
2882,dyson,2.0
2883,earthday,2.0
2884,earwaxxxtravels,2.0
2885,eastcoast,2.0
2886,eastwood,2.0
2887,eater,2.0
2888,eatery,2.0
2889,echo,2.0
2890,ecologicalf,2.0
2891,econ,2.0
2892,edinburgh,2.0
2893,edsurgefusion,2.0
2894,edwinlindo,2.0
2895,efficiently,2.0
2896,egg,2.0
2897,electronic,2.0
2898,embarrass,2.0
2899,emerges,2.0
2900,emission,2.0
2901,emp,2.0
2902,employ,2.0
2903,employer,2.0
2904,emylene,2.0
2905,enable,2.0
2906,energize,2.0
2907,energizer,2.0
2908,engineer,2.0
2909,engineering,2.0
2910,enters,2.0
2911,entertain,2.0
2912,enthusiast,2.0
2913,entity,2.0
2914,entrepreneur,2.0
2915,environment,2.0
2916,environmentalist,2.0
2917,eppley,2.0
2918,equivalent,2.0
2919,er,2.0
2920,ernesthemingway,2.0
2921,erupt,2.0
2922,eship,2.0
2923,eshipsummit,2.0
2924,essential,2.0
2925,est,2.0
2926,esta,2.0
2927,eternity,2.0
2928,eugene,2.0
2929,ev,2.0
2930,evaair,2.0
2931,everett,2.0
2932,evolution,2.0
2933,exceptional,2.0
2934,execute,2.0
2935,exhausted,2.0
2936,expansive,2.0
2937,expectation,2.0
2938,expense,2.0
2939,experiment,2.0
2940,exploratorium,2.0
2941,exterior,2.0
2942,fa,2.0
2943,facet,2.0
2944,facism,2.0
2945,fahrenheit,2.0
2946,fairy,2.0
2947,falcon,2.0
2948,familiar,2.0
2949,fancy,2.0
2950,fanfic,2.0
2951,faresale,2.0
2952,fascinating,2.0
2953,fashionably,2.0
2954,fastrak,2.0
2955,fat,2.0
2956,fatigue,2.0
2957,faux,2.0
2958,fearless,2.0
2959,feasibility,2.0
2960,fentressarch,2.0
2961,ferry,2.0
2962,festive,2.0
2963,fiasco,2.0
2964,fiction,2.0
2965,fiesta,2.0
2966,fighter,2.0
2967,filing,2.0
2968,filipino,2.0
2969,filth,2.0
2970,finder,2.0
2971,finna,2.0
2972,fionama,2.0
2973,firewood,2.0
2974,fitness,2.0
2975,fizz,2.0
2976,flaring,2.0
2977,flat,2.0
2978,flavor,2.0
2979,flex,2.0
2980,flightdelay,2.0
2981,flown,2.0
2982,flr,2.0
2983,flyasiana,2.0
2984,flybe,2.0
2985,flyertalk,2.0
2986,flyhsv,2.0
2987,flying,2.0
2988,flyinghttps,2.0
2989,flylaxairporthttps,2.0
2990,flymemphis,2.0
2991,flyrst,2.0
2992,flysjchttps,2.0
2993,flyvail,2.0
2994,followfriday,2.0
2995,following,2.0
2996,footage,2.0
2997,footwear,2.0
2998,ford,2.0
2999,fordgobike,2.0
3000,foreseeable,2.0
3001,forewarn,2.0
3002,formal,2.0
3003,fortunately,2.0
3004,founder,2.0
3005,foundercon,2.0
3006,fpanorcal,2.0
3007,fraiche,2.0
3008,franciscan,2.0
3009,frank,2.0
3010,freakin,2.0
3011,freaking,2.0
3012,fred,2.0
3013,freeway,2.0
3014,freewifi,2.0
3015,freezing,2.0
3016,freighter,2.0
3017,fremont,2.0
3018,frequency,2.0
3019,friggin,2.0
3020,fruit,2.0
3021,fueler,2.0
3022,function,2.0
3023,funness,2.0
3024,fwd,2.0
3025,ga,2.0
3026,gaffer,2.0
3027,galore,2.0
3028,gameofthrones,2.0
3029,garbage,2.0
3030,gardei,2.0
3031,garnett,2.0
3032,gastrognome,2.0
3033,gastropub,2.0
3034,gaytravel,2.0
3035,gbxglobal,2.0
3036,gdansk,2.0
3037,geek,2.0
3038,gel,2.0
3039,gem,2.0
3040,generally,2.0
3041,generate,2.0
3042,george,2.0
3043,getaway,2.0
3044,getmehome,2.0
3045,getyourshittogether,2.0
3046,giggle,2.0
3047,glamorous,2.0
3048,gloomy,2.0
3049,glow,2.0
3050,gm,2.0
3051,goat,2.0
3052,godspeed,2.0
3053,gohawks,2.0
3054,googlemaps,2.0
3055,goosebump,2.0
3056,gop,2.0
3057,gordonkeith,2.0
3058,gormel,2.0
3059,gostanford,2.0
3060,gotcha,2.0
3061,gotten,2.0
3062,gouge,2.0
3063,gps,2.0
3064,gracious,2.0
3065,graduation,2.0
3066,graniterockco,2.0
3067,gratitude,2.0
3068,greencard,2.0
3069,greener,2.0
3070,gretachristina,2.0
3071,growing,2.0
3072,growthmarketingconf,2.0
3073,gtfo,2.0
3074,guardian,2.0
3075,guardiancon,2.0
3076,guava,2.0
3077,guilty,2.0
3078,gun,2.0
3079,gunfire,2.0
3080,gurusingh,2.0
3081,guyinredhoodiehaslanded,2.0
3082,habit,2.0
3083,hahahahaha,2.0
3084,hamburger,2.0
3085,hamper,2.0
3086,handicap,2.0
3087,handsociety,2.0
3088,hank,2.0
3089,happens,2.0
3090,hashtag,2.0
3091,havent,2.0
3092,hayes,2.0
3093,hayward,2.0
3094,headphone,2.0
3095,headset,2.0
3096,headwind,2.0
3097,healthtech,2.0
3098,hearten,2.0
3099,heel,2.0
3100,heh,2.0
3101,height,2.0
3102,heighten,2.0
3103,heineken,2.0
3104,hemigram,2.0
3105,hemingway,2.0
3106,herb,2.0
3107,hercrentalsinc,2.0
3108,heritage,2.0
3109,heroic,2.0
3110,heya,2.0
3111,hiltonhotels,2.0
3112,hinder,2.0
3113,hip,2.0
3114,historically,2.0
3115,hitter,2.0
3116,holland,2.0
3117,homelandsecurity,2.0
3118,homesweethome,2.0
3119,homie,2.0
3120,honesty,2.0
3121,honeymoon,2.0
3122,hoodie,2.0
3123,hook,2.0
3124,hoping,2.0
3125,hopmonkseb,2.0
3126,hopping,2.0
3127,horn,2.0
3128,horrendous,2.0
3129,horror,2.0
3130,hose,2.0
3131,hospital,2.0
3132,hoteltonight,2.0
3133,hover,2.0
3134,howtoworkaroom,2.0
3135,hrcnationaldinner,2.0
3136,huddle,2.0
3137,humiliate,2.0
3138,hummus,2.0
3139,humor,2.0
3140,hunger,2.0
3141,hunt,2.0
3142,hydrant,2.0
3143,hype,2.0
3144,ian,2.0
3145,ibjnews,2.0
3146,ibmconnect,2.0
3147,iced,2.0
3148,ico,2.0
3149,icsf,2.0
3150,identify,2.0
3151,idle,2.0
3152,iflyairnz,2.0
3153,iflyalaska,2.0
3154,iflychs,2.0
3155,ils,2.0
3156,importance,2.0
3157,importantly,2.0
3158,inadequate,2.0
3159,inconsistency,2.0
3160,indefinitely,2.0
3161,independence,2.0
3162,indie,2.0
3163,indivisibleberk,2.0
3164,indoors,2.0
3165,inexcusable,2.0
3166,influencers,2.0
3167,injured,2.0
3168,innocent,2.0
3169,input,2.0
3170,insightful,2.0
3171,insist,2.0
3172,inspection,2.0
3173,inspiring,2.0
3174,instagrammer,2.0
3175,instatravel,2.0
3176,intense,2.0
3177,interested,2.0
3178,interestingly,2.0
3179,internat,2.0
3180,internationally,2.0
3181,interrupt,2.0
3182,invitation,2.0
3183,io,2.0
3184,iphonex,2.0
3185,iron,2.0
3186,ironic,2.0
3187,isin,2.0
3188,isle,2.0
3189,istanbul,2.0
3190,iv,2.0
3191,jack,2.0
3192,jackbchamp,2.0
3193,jackson,2.0
3194,jake,2.0
3195,jamesjetsoften,2.0
3196,janetechelman,2.0
3197,janitor,2.0
3198,japangov,2.0
3199,jaxairport,2.0
3200,jazzercise,2.0
3201,jean,2.0
3202,jerk,2.0
3203,jesslivmo,2.0
3204,jim,2.0
3205,jimi,2.0
3206,jjgilz,2.0
3207,johnny,2.0
3208,johnson,2.0
3209,johnston,2.0
3210,johntdrake,2.0
3211,joining,2.0
3212,jonk,2.0
3213,joshuatatro,2.0
3214,jotadventures,2.0
3215,jp,2.0
3216,judiciary,2.0
3217,juju,2.0
3218,julian,2.0
3219,julie,2.0
3220,jumbo,2.0
3221,jumping,2.0
3222,junior,2.0
3223,j√§gel,2.0
3224,kalitta,2.0
3225,kalittaair,2.0
3226,karen,2.0
3227,kashmir,2.0
3228,kcbstraffic,2.0
3229,kef,2.0
3230,kennedy,2.0
3231,kept,2.0
3232,kevinmullin,2.0
3233,kickoff,2.0
3234,killin,2.0
3235,kindafunnyvids,2.0
3236,kindness,2.0
3237,kingofdaburbz,2.0
3238,kinkhao,2.0
3239,kirsten,2.0
3240,kit,2.0
3241,kitten,2.0
3242,kktreseder,2.0
3243,klein,2.0
3244,korean,2.0
3245,krennic,2.0
3246,kuala,2.0
3247,kubecon,2.0
3248,kundalini,2.0
3249,kylie,2.0
3250,ladies,2.0
3251,landofthefree,2.0
3252,lapse,2.0
3253,lark,2.0
3254,larkcreekgrill,2.0
3255,larry,2.0
3256,lasvegas,2.0
3257,lateral,2.0
3258,lazy,2.0
3259,lbairport,2.0
3260,ldnlutonairport,2.0
3261,leadershiplesson,2.0
3262,leed,2.0
3263,legroom,2.0
3264,letherebeflight,2.0
3265,letthe,2.0
3266,letthemgo,2.0
3267,levi,2.0
3268,lgbtq,2.0
3269,liamstack,2.0
3270,libya,2.0
3271,lieutenant,2.0
3272,lifegoals,2.0
3273,lifesaver,2.0
3274,lighten,2.0
3275,lil,2.0
3276,lilouthepig,2.0
3277,limon,2.0
3278,lindsaystrouse,2.0
3279,lip,2.0
3280,lipstick,2.0
3281,lit,2.0
3282,littlethings,2.0
3283,livestream,2.0
3284,loadsheding,2.0
3285,locally,2.0
3286,loganairports,2.0
3287,logical,2.0
3288,lola,2.0
3289,londonheathrow,2.0
3290,lonely,2.0
3291,longflight,2.0
3292,looooong,2.0
3293,lori,2.0
3294,losangeles,2.0
3295,lostandfound,2.0
3296,losttiger,2.0
3297,louisiana,2.0
3298,lte,2.0
3299,lucy,2.0
3300,lumpur,2.0
3301,lund,2.0
3302,lung,2.0
3303,lush,2.0
3304,luv,2.0
3305,lv,2.0
3306,mach,2.0
3307,mainliner,2.0
3308,making,2.0
3309,maliacohen,2.0
3310,manifest,2.0
3311,manual,2.0
3312,manure,2.0
3313,maple,2.0
3314,marching,2.0
3315,margarita,2.0
3316,marketingcloud,2.0
3317,marketo,2.0
3318,markup,2.0
3319,marmelade,2.0
3320,marvel,2.0
3321,marvelous,2.0
3322,mask,2.0
3323,mateo,2.0
3324,matthew,2.0
3325,maximum,2.0
3326,maytheforcebewithyou,2.0
3327,mci,2.0
3328,md,2.0
3329,mdm,2.0
3330,measurement,2.0
3331,meatball,2.0
3332,mechanic,2.0
3333,mechanicals,2.0
3334,medication,2.0
3335,megancunningham,2.0
3336,megaphone,2.0
3337,megyn,2.0
3338,meh,2.0
3339,mehta,2.0
3340,memorable,2.0
3341,menu,2.0
3342,mere,2.0
3343,merit,2.0
3344,merrier,2.0
3345,merrychristmas,2.0
3346,meter,2.0
3347,miamifac,2.0
3348,midwest,2.0
3349,mighty,2.0
3350,mikepencevp,2.0
3351,milbrae,2.0
3352,minogue,2.0
3353,minty,2.0
3354,mismanage,2.0
3355,mixed,2.0
3356,mixup,2.0
3357,mk,2.0
3358,mlcrisis,2.0
3359,mmflint,2.0
3360,mo,2.0
3361,monopoly,2.0
3362,monorail,2.0
3363,monroe,2.0
3364,montr√©al,2.0
3365,morozov,2.0
3366,moscow,2.0
3367,motion,2.0
3368,moveon,2.0
3369,moving,2.0
3370,muchmore,2.0
3371,muffin,2.0
3372,muggsybogues,2.0
3373,municipal,2.0
3374,murder,2.0
3375,mvp,2.0
3376,mxflorin,2.0
3377,mystarbucksidea,2.0
3378,mysterious,2.0
3379,mystery,2.0
3380,nach,2.0
3381,nail,2.0
3382,nancy,2.0
3383,narcolepsy,2.0
3384,nasa,2.0
3385,nathan,2.0
3386,nationalaviationday,2.0
3387,naturallanguage,2.0
3388,navigate,2.0
3389,nbcbayweather,2.0
3390,nbcbayweatherhttps,2.0
3391,nearmiss,2.0
3392,necessary,2.0
3393,neil,2.0
3394,networking,2.0
3395,neumayr,2.0
3396,neveragainisnow,2.0
3397,neworleans,2.0
3398,newsstand,2.0
3399,niece,2.0
3400,nintendo,2.0
3401,nippon,2.0
3402,nodejs,2.0
3403,nofilter,2.0
3404,nominate,2.0
3405,nomore,2.0
3406,nomuslimbanhttps,2.0
3407,noodle,2.0
3408,northbayfires,2.0
3409,northcamp,2.0
3410,northcarolina,2.0
3411,notch,2.0
3412,novel,2.0
3413,nr,2.0
3414,nrt,2.0
3415,nuts,2.0
3416,nw,2.0
3417,nyt,2.0
3418,nzqn,2.0
3419,oatmeal,2.0
3420,object,2.0
3421,obligation,2.0
3422,obtain,2.0
3423,obvious,2.0
3424,offload,2.0
3425,offset,2.0
3426,offsite,2.0
3427,ogg,2.0
3428,ohh,2.0
3429,ohhhh,2.0
3430,olive,2.0
3431,ooooh,2.0
3432,opening,2.0
3433,operating,2.0
3434,opponent,2.0
3435,oregon,2.0
3436,orgs,2.0
3437,originally,2.0
3438,osaka,2.0
3439,ottawa,2.0
3440,otw,2.0
3441,outdated,2.0
3442,outfit,2.0
3443,overcome,2.0
3444,oversee,2.0
3445,owe,2.0
3446,owl,2.0
3447,paaaengers,2.0
3448,painfully,2.0
3449,pair,2.0
3450,palo,2.0
3451,papa,2.0
3452,paperclip,2.0
3453,paradise,2.0
3454,paranoid,2.0
3455,parksinfocus,2.0
3456,parsonscorp,2.0
3457,passive,2.0
3458,password,2.0
3459,patch,2.0
3460,patharveynews,2.0
3461,patiently,2.0
3462,patriot,2.0
3463,patronize,2.0
3464,peanut,2.0
3465,peasant,2.0
3466,pee,2.0
3467,peephole,2.0
3468,penalty,2.0
3469,perf,2.0
3470,periscope,2.0
3471,periscopetv,2.0
3472,permission,2.0
3473,perpetual,2.0
3474,perth,2.0
3475,petercorless,2.0
3476,peterklemp,2.0
3477,peyton,2.0
3478,ph,2.0
3479,phew,2.0
3480,phil,2.0
3481,philzcoffee,2.0
3482,photokayne,2.0
3483,physically,2.0
3484,pi,2.0
3485,picademy,2.0
3486,pictureboston,2.0
3487,pictured,2.0
3488,pilar,2.0
3489,pillar,2.0
3490,pilotkatebees,2.0
3491,pinksocks,2.0
3492,piseth,2.0
3493,pissed,2.0
3494,pix,2.0
3495,planned,2.0
3496,plant,2.0
3497,played,2.0
3498,playin,2.0
3499,playlist,2.0
3500,plead,2.0
3501,podium,2.0
3502,poisoning,2.0
3503,political,2.0
3504,politician,2.0
3505,pollution,2.0
3506,pony,2.0
3507,pooskafay,2.0
3508,pope,2.0
3509,poppins,2.0
3510,poppy,2.0
3511,population,2.0
3512,port,2.0
3513,portlandia,2.0
3514,portrait,2.0
3515,postmates,2.0
3516,postpone,2.0
3517,pot,2.0
3518,potd,2.0
3519,pothole,2.0
3520,potter,2.0
3521,potustudies,2.0
3522,praise,2.0
3523,precious,2.0
3524,precision,2.0
3525,predict,2.0
3526,prediction,2.0
3527,preferredparking,2.0
3528,preflight,2.0
3529,pregnant,2.0
3530,prem,2.0
3531,prepay,2.0
3532,prepped,2.0
3533,prepping,2.0
3534,previously,2.0
3535,printer,2.0
3536,prison,2.0
3537,prisoner,2.0
3538,proactive,2.0
3539,probable,2.0
3540,progressive,2.0
3541,prohibit,2.0
3542,projectfi,2.0
3543,projectopenhand,2.0
3544,protestmuslimban,2.0
3545,protestor,2.0
3546,pst,2.0
3547,ptsd,2.0
3548,publicart,2.0
3549,publicity,2.0
3550,punch,2.0
3551,purple,2.0
3552,purse,2.0
3553,pvg,2.0
3554,qantasusa,2.0
3555,qatar,2.0
3556,qualify,2.0
3557,quarter,2.0
3558,queer,2.0
3559,query,2.0
3560,rack,2.0
3561,racket,2.0
3562,radar,2.0
3563,rail,2.0
3564,raindrop,2.0
3565,randy,2.0
3566,randygarutti,2.0
3567,ranking,2.0
3568,rant,2.0
3569,rationale,2.0
3570,reboot,2.0
3571,receives,2.0
3572,reclaim,2.0
3573,recognise,2.0
3574,recommended,2.0
3575,reconstruct,2.0
3576,recruit,2.0
3577,redesign,2.0
3578,redevelop,2.0
3579,reduced,2.0
3580,reference,2.0
3581,refuge,2.0
3582,refugeeban,2.0
3583,reg,2.0
3584,regardless,2.0
3585,regency,2.0
3586,regram,2.0
3587,regulation,2.0
3588,rehabilitate,2.0
3589,rehabilitation,2.0
3590,reinforcement,2.0
3591,reinvent,2.0
3592,reject,2.0
3593,relatively,2.0
3594,reliability,2.0
3595,relies,2.0
3596,relocate,2.0
3597,remarkable,2.0
3598,remix,2.0
3599,removal,2.0
3600,renew,2.0
3601,repannaeshoo,2.0
3602,repeatedly,2.0
3603,resemble,2.0
3604,residency,2.0
3605,resilientbay,2.0
3606,resistfascism,2.0
3607,resisting,2.0
3608,respite,2.0
3609,restrictive,2.0
3610,resume,2.0
3611,reuters,2.0
3612,reverse,2.0
3613,revive,2.0
3614,rice,2.0
3615,rick,2.0
3616,ridden,2.0
3617,ridiculously,2.0
3618,rig,2.0
3619,ritchie,2.0
3620,ritual,2.0
3621,rival,2.0
3622,rjncpd,2.0
3623,roadwarrior,2.0
3624,rockin,2.0
3625,rocky,2.0
3626,roller,2.0
3627,rollout,2.0
3628,roman,2.0
3629,rome,2.0
3630,ronstadtgen,2.0
3631,roseann,2.0
3632,rotisserie,2.0
3633,roundtrip,2.0
3634,rsac,2.0
3635,rulli,2.0
3636,rumour,2.0
3637,runaround,2.0
3638,running,2.0
3639,russell,2.0
3640,sac,2.0
3641,saf,2.0
3642,saint,2.0
3643,sake,2.0
3644,salisafa,2.0
3645,sally,2.0
3646,sanbruno,2.0
3647,sanctuarycity,2.0
3648,sanfranciscohttps,2.0
3649,sanjose,2.0
3650,santiago,2.0
3651,sap,2.0
3652,sapphire,2.0
3653,sapphirereserve,2.0
3654,sarahkunst,2.0
3655,sarcasm,2.0
3656,sas,2.0
3657,satisfaction,2.0
3658,satisfy,2.0
3659,sauce,2.0
3660,sav,2.0
3661,saver,2.0
3662,savor,2.0
3663,scar,2.0
3664,scarf,2.0
3665,scheduler,2.0
3666,schipol,2.0
3667,scoop,2.0
3668,scooter,2.0
3669,scotus,2.0
3670,sdcc,2.0
3671,seamless,2.0
3672,secretflying,2.0
3673,secretservice,2.0
3674,seed,2.0
3675,seescandies,2.0
3676,selects,2.0
3677,semiconwest,2.0
3678,senator,2.0
3679,sends,2.0
3680,sentence,2.0
3681,serial,2.0
3682,servicedog,2.0
3683,serving,2.0
3684,severe,2.0
3685,sfbartalert,2.0
3686,sfchronicle,2.0
3687,sfhumanrights,2.0
3688,sfohowlidays,2.0
3689,sfojobs,2.0
3690,sfosucks,2.0
3691,sfpdhttps,2.0
3692,shaken,2.0
3693,shape,2.0
3694,sheesh,2.0
3695,shelf,2.0
3696,shithole,2.0
3697,shocked,2.0
3698,shocker,2.0
3699,shooting,2.0
3700,shoulda,2.0
3701,shoulder,2.0
3702,shred,2.0
3703,shutdownsfo,2.0
3704,sidewalk,2.0
3705,signed,2.0
3706,significantly,2.0
3707,signing,2.0
3708,silence,2.0
3709,silver,2.0
3710,silvercar,2.0
3711,silverlining,2.0
3712,sim,2.0
3713,simulated,2.0
3714,simulator,2.0
3715,simultaneous,2.0
3716,sin,2.0
3717,sincerely,2.0
3718,singh,2.0
3719,sink,2.0
3720,sitting,2.0
3721,skeptic,2.0
3722,skirt,2.0
3723,skyline,2.0
3724,skymiles,2.0
3725,skyteam,2.0
3726,skywest,2.0
3727,sleek,2.0
3728,slideshow,2.0
3729,slo,2.0
3730,slogan,2.0
3731,slslettieri,2.0
3732,slumber,2.0
3733,smallbusiness,2.0
3734,smash,2.0
3735,smcountybtwd,2.0
3736,smcsheriff,2.0
3737,smoker,2.0
3738,smokey,2.0
3739,smoking,2.0
3740,smoky,2.0
3741,snapchat,2.0
3742,sneeze,2.0
3743,snuggle,2.0
3744,soccer,2.0
3745,socialhood,2.0
3746,socialinfo,2.0
3747,socially,2.0
3748,society,2.0
3749,soggy,2.0
3750,solely,2.0
3751,soma,2.0
3752,somethings,2.0
3753,somewhat,2.0
3754,sooo,2.0
3755,sophia,2.0
3756,sorta,2.0
3757,sourdough,2.0
3758,southboundbrews,2.0
3759,souvenir,2.0
3760,souvenirsunday,2.0
3761,spacex,2.0
3762,spain,2.0
3763,spam,2.0
3764,sparksummit,2.0
3765,speciality,2.0
3766,specify,2.0
3767,spectacular,2.0
3768,spill,2.0
3769,spin,2.0
3770,spinner,2.0
3771,spokesman,2.0
3772,spooky,2.0
3773,spookysfo,2.0
3774,spotlight,2.0
3775,spox,2.0
3776,spray,2.0
3777,spudhilton,2.0
3778,squadgoals,2.0
3779,squawk,2.0
3780,squeak,2.0
3781,ssf,2.0
3782,ssp,2.0
3783,staffed,2.0
3784,staffing,2.0
3785,stage,2.0
3786,stake,2.0
3787,stan,2.0
3788,standstrong,2.0
3789,stat,2.0
3790,steel,2.0
3791,steep,2.0
3792,steph,2.0
3793,stephen,2.0
3794,stevesoboroff,2.0
3795,stew,2.0
3796,stir,2.0
3797,stockholm,2.0
3798,stoked,2.0
3799,stookieduck,2.0
3800,stormy,2.0
3801,strangely,2.0
3802,stranger,2.0
3803,streak,2.0
3804,strength,2.0
3805,stripe,2.0
3806,strive,2.0
3807,strongly,2.0
3808,stuckattheairport,2.0
3809,stuckontarmac,2.0
3810,studio,2.0
3811,stuffy,2.0
3812,stunt,2.0
3813,stupidity,2.0
3814,sucker,2.0
3815,sugar,2.0
3816,sumpin,2.0
3817,sundaymorning,2.0
3818,sunglass,2.0
3819,superdupersf,2.0
3820,superior,2.0
3821,supershuttle,2.0
3822,supposedly,2.0
3823,supremacy,2.0
3824,surface,2.0
3825,surgery,2.0
3826,surprising,2.0
3827,surprisingly,2.0
3828,surreal,2.0
3829,surround,2.0
3830,susan,2.0
3831,suspension,2.0
3832,suzanne,2.0
3833,suzie,2.0
3834,svc,2.0
3835,swab,2.0
3836,swap,2.0
3837,swarm,2.0
3838,sweater,2.0
3839,sweatpants,2.0
3840,swissport,2.0
3841,syrian,2.0
3842,tablet,2.0
3843,taco,2.0
3844,tagalog,2.0
3845,tailwind,2.0
3846,tap,2.0
3847,tara,2.0
3848,tartine,2.0
3849,tastecamp,2.0
3850,tasty,2.0
3851,tatianawebb,2.0
3852,taxicab,2.0
3853,taxis,2.0
3854,tbit,2.0
3855,tcdisrupt,2.0
3856,tcx,2.0
3857,teacher,2.0
3858,teamsfo,2.0
3859,teary,2.0
3860,tempeh,2.0
3861,temper,2.0
3862,temporarily,2.0
3863,tenderloin,2.0
3864,termnl,2.0
3865,terribly,2.0
3866,territory,2.0
3867,tesla,2.0
3868,tfgreenairport,2.0
3869,thankyou,2.0
3870,theceomovie,2.0
3871,thejointstaff,2.0
3872,therapyanimals,2.0
3873,therayhighway,2.0
3874,therbhs,2.0
3875,theres,2.0
3876,thetileapp,2.0
3877,theweathernetus,2.0
3878,thewharfsf,2.0
3879,thirsty,2.0
3880,thorough,2.0
3881,threaten,2.0
3882,threetwins,2.0
3883,throng,2.0
3884,thunderous,2.0
3885,tictec,2.0
3886,tiffany,2.0
3887,timeline,2.0
3888,timetokill,2.0
3889,title,2.0
3890,tks,2.0
3891,tmobile,2.0
3892,tn,2.0
3893,tnc,2.0
3894,tock,2.0
3895,tok,2.0
3896,told,2.0
3897,toledo,2.0
3898,tolerance,2.0
3899,toll,2.0
3900,tome,2.0
3901,tomokazu,2.0
3902,tony,2.0
3903,tool,2.0
3904,torn,2.0
3905,toss,2.0
3906,tote,2.0
3907,tournament,2.0
3908,trading,2.0
3909,tradition,2.0
3910,trailhead,2.0
3911,transcon,2.0
3912,transform,2.0
3913,translation,2.0
3914,translivesmatter,2.0
3915,transpacific,2.0
3916,travelgram,2.0
3917,travelhttps,2.0
3918,travelpro,2.0
3919,travelwell,2.0
3920,travelwoes,2.0
3921,trial,2.0
3922,triflight,2.0
3923,tripit,2.0
3924,trippy,2.0
3925,troy,2.0
3926,truckin,2.0
3927,trunk,2.0
3928,tsadelays,2.0
3929,tsk,2.0
3930,tsmullaney,2.0
3931,tubbsfire,2.0
3932,tug,2.0
3933,turbulence,2.0
3934,twinkie,2.0
3935,tx,2.0
3936,uafamilyday,2.0
3937,uberpool,2.0
3938,ubers,2.0
3939,ughhhh,2.0
3940,ultra,2.0
3941,unattended,2.0
3942,uncle,2.0
3943,unconscionable,2.0
3944,undergoing,2.0
3945,understaffed,2.0
3946,understood,2.0
3947,unexpectedly,2.0
3948,unfortunate,2.0
3949,ungovernable,2.0
3950,unhelpful,2.0
3951,unimpressed,2.0
3952,uniqlousa,2.0
3953,unitedclub,2.0
3954,unitedfail,2.0
3955,unitedresistance,2.0
3956,unknown,2.0
3957,unleash,2.0
3958,unnecessarily,2.0
3959,unnecessary,2.0
3960,unpack,2.0
3961,unregulated,2.0
3962,unrelated,2.0
3963,unsold,2.0
3964,unwind,2.0
3965,upcoming,2.0
3966,upgraded,2.0
3967,uphold,2.0
3968,usafreserve,2.0
3969,usarmy,2.0
3970,usb,2.0
3971,usbordersec,2.0
3972,uscg,2.0
3973,usmc,2.0
3974,utility,2.0
3975,utilize,2.0
3976,uuuggghhhhh,2.0
3977,vacay,2.0
3978,valet,2.0
3979,valid,2.0
3980,vallejo,2.0
3981,valuable,2.0
3982,versus,2.0
3983,viable,2.0
3984,victoria,2.0
3985,vigilant,2.0
3986,viking,2.0
3987,vikingriver,2.0
3988,vile,2.0
3989,vip,2.0
3990,virtually,2.0
3991,virtuepaintball,2.0
3992,vision,2.0
3993,visitmusiccity,2.0
3994,visitsfbayarea,2.0
3995,vocal,2.0
3996,vodka,2.0
3997,vpp,2.0
3998,vulnerability,2.0
3999,wage,2.0
4000,walgreensapi,2.0
4001,walter,2.0
4002,wander,2.0
4003,wanderlust,2.0
4004,warming,2.0
4005,washingtonpost,2.0
4006,washroom,2.0
4007,wasteofmytime,2.0
4008,wastewater,2.0
4009,watching,2.0
4010,weaken,2.0
4011,wechat,2.0
4012,wednesdaymotivation,2.0
4013,weight,2.0
4014,weirdly,2.0
4015,welles,2.0
4016,wendy,2.0
4017,wendys,2.0
4018,westbound,2.0
4019,western,2.0
4020,wewontleaveuntiltheyreout,2.0
4021,whale,2.0
4022,wheelsup,2.0
4023,whiskey,2.0
4024,whisper,2.0
4025,whitehouse,2.0
4026,widebodies,2.0
4027,willing,2.0
4028,willow,2.0
4029,wingflex,2.0
4030,winglets,2.0
4031,wire,2.0
4032,wiring,2.0
4033,wit,2.0
4034,wk,2.0
4035,wknds,2.0
4036,wncn,2.0
4037,woah,2.0
4038,woke,2.0
4039,womensmarchonwashington,2.0
4040,wood,2.0
4041,workforce,2.0
4042,working,2.0
4043,workplace,2.0
4044,worm,2.0
4045,worthless,2.0
4046,worthy,2.0
4047,wowza,2.0
4048,wreck,2.0
4049,writing,2.0
4050,wwdc,2.0
4051,yawn,2.0
4052,yayoikusama,2.0
4053,yearly,2.0
4054,yeesh,2.0
4055,yer,2.0
4056,yetisetgo,2.0
4057,yogaroom,2.0
4058,yogawestla,2.0
4059,yogurt,2.0
4060,yosemite,2.0
4061,zealand,2.0
4062,zipper,2.0
4063,zoom,2.0
4064,zoomzoom,2.0
4065,zzz,2.0
4066,aaa,1.0
4067,aaaaaand,1.0
4068,aaaand,1.0
4069,aaaelgb,1.0
4070,aadmirals,1.0
4071,aadmiralsclub,1.0
4072,aae,1.0
4073,aamva,1.0
4074,aarieff,1.0
4075,aarontburgess,1.0
4076,aaviationday,1.0
4077,abbey,1.0
4078,abbott,1.0
4079,abbydarkstar,1.0
4080,abchttp,1.0
4081,abcworldnews,1.0
4082,abduct,1.0
4083,abe,1.0
4084,abeetley,1.0
4085,abet,1.0
4086,abiairport,1.0
4087,abide,1.0
4088,ableism,1.0
4089,ableist,1.0
4090,abm,1.0
4091,abnormal,1.0
4092,abolish,1.0
4093,abortedlanding,1.0
4094,abound,1.0
4095,abouts,1.0
4096,aboveandbeyond,1.0
4097,abozayd,1.0
4098,abq,1.0
4099,absurdly,1.0
4100,abudhabi,1.0
4101,acbj,1.0
4102,acc,1.0
4103,acceptabllllle,1.0
4104,accessible,1.0
4105,accommodating,1.0
4106,accomodations,1.0
4107,accompaniment,1.0
4108,accomplish,1.0
4109,accountable,1.0
4110,accreditation,1.0
4111,accumulation,1.0
4112,accusation,1.0
4113,ace,1.0
4114,acela,1.0
4115,acen,1.0
4116,acoustic,1.0
4117,acre,1.0
4118,acro,1.0
4119,acsosheriffs,1.0
4120,activate,1.0
4121,activation,1.0
4122,activist,1.0
4123,actofkindness,1.0
4124,adamcarolla,1.0
4125,adamcarollashow,1.0
4126,adamdaw,1.0
4127,adapter,1.0
4128,adc,1.0
4129,adderworld,1.0
4130,addison,1.0
4131,addl,1.0
4132,adelaide,1.0
4133,adhere,1.0
4134,adherence,1.0
4135,admin,1.0
4136,administrator,1.0
4137,admittedly,1.0
4138,admitting,1.0
4139,adolf,1.0
4140,adolphtrump,1.0
4141,adopt,1.0
4142,adrian,1.0
4143,adsb,1.0
4144,adsk,1.0
4145,adult,1.0
4146,adultadhd,1.0
4147,adventurous,1.0
4148,advisorinsight,1.0
4149,advisory,1.0
4150,advoid,1.0
4151,advt,1.0
4152,aeds,1.0
4153,aereal,1.0
4154,aerobus,1.0
4155,aerodrombeograd,1.0
4156,aerodynamics,1.0
4157,aeromag,1.0
4158,aeromexicousa,1.0
4159,aeropanama,1.0
4160,aeroplan,1.0
4161,aeroplane,1.0
4162,aeroportidiroma,1.0
4163,aeropuertosgap,1.0
4164,aetna,1.0
4165,affected,1.0
4166,african,1.0
4167,aft,1.0
4168,afterall,1.0
4169,afterthis,1.0
4170,afterwardd,1.0
4171,aftunion,1.0
4172,agencylife,1.0
4173,agenda,1.0
4174,aggieup,1.0
4175,agian,1.0
4176,agl,1.0
4177,agony,1.0
4178,agts,1.0
4179,aha,1.0
4180,ahhhh,1.0
4181,ahhhhhhhhh,1.0
4182,ahmed,1.0
4183,ahmhiri,1.0
4184,ahold,1.0
4185,aielondon,1.0
4186,aieparis,1.0
4187,aiesanfrancisco,1.0
4188,aiesf,1.0
4189,aight,1.0
4190,aileron,1.0
4191,aime,1.0
4192,aint,1.0
4193,aiportservice,1.0
4194,airbushttps,1.0
4195,airbuslovers,1.0
4196,aircanadahttp,1.0
4197,aircharterinsurance,1.0
4198,airchinana,1.0
4199,aircr,1.0
4200,airfarewatchdog,1.0
4201,airfranceklm,1.0
4202,airindia,1.0
4203,airindiainhttps,1.0
4204,airindiakerala,1.0
4205,airlineguys,1.0
4206,airlinemergers,1.0
4207,airlinereporter,1.0
4208,airlinereview,1.0
4209,airlinesantonov,1.0
4210,airlineshttps,1.0
4211,airlinked,1.0
4212,airmilesexpert,1.0
4213,airnewzealand,1.0
4214,airnz,1.0
4215,airnzaustralia,1.0
4216,airplanegeeks,1.0
4217,airplanes,1.0
4218,airplanespotting,1.0
4219,airportcgn,1.0
4220,airportcomfort,1.0
4221,airporter,1.0
4222,airportexercise,1.0
4223,airportfinds,1.0
4224,airportfloorsaregrosshttps,1.0
4225,airportfoodhttps,1.0
4226,airportgym,1.0
4227,airportinnovate,1.0
4228,airportlife,1.0
4229,airportlounge,1.0
4230,airportnue,1.0
4231,airportops,1.0
4232,airportprotest,1.0
4233,airportrankings,1.0
4234,airportrendezvous,1.0
4235,airportresist,1.0
4236,airportsunrise,1.0
4237,airporttherapydogshttps,1.0
4238,airporttherapypets,1.0
4239,airprt,1.0
4240,airstairs,1.0
4241,airstrip,1.0
4242,airt,1.0
4243,airtram,1.0
4244,airwaysmagazine,1.0
4245,aisle,1.0
4246,aitport,1.0
4247,ajplus,1.0
4248,akways,1.0
4249,alamedacofire,1.0
4250,alamedacounty,1.0
4251,alamo,1.0
4252,alaninbelfast,1.0
4253,alaskanairline,1.0
4254,albert,1.0
4255,aleck,1.0
4256,alejandrabhpcl,1.0
4257,alessio,1.0
4258,alevinhttps,1.0
4259,alientravels,1.0
4260,aligned,1.0
4261,alignment,1.0
4262,alipay,1.0
4263,alk,1.0
4264,allablur,1.0
4265,alleged,1.0
4266,allegiant,1.0
4267,allegisglobal,1.0
4268,alleviate,1.0
4269,allfemalecrew,1.0
4270,allie,1.0
4271,alliejanoch,1.0
4272,allllllll,1.0
4273,alloftheabove,1.0
4274,allowed,1.0
4275,allred,1.0
4276,allroadsrome,1.0
4277,alltheweigh,1.0
4278,allwelcome,1.0
4279,allwomenflight,1.0
4280,almighty,1.0
4281,almond,1.0
4282,alodiaalmira,1.0
4283,alofthotels,1.0
4284,alongside,1.0
4285,alreadydelayed,1.0
4286,alright,1.0
4287,alrite,1.0
4288,als,1.0
4289,alsowater,1.0
4290,altercation,1.0
4291,alternately,1.0
4292,alternatively,1.0
4293,altitudetv,1.0
4294,altogether,1.0
4295,alucobond,1.0
4296,alum,1.0
4297,alumni,1.0
4298,alwayshustling,1.0
4299,aly,1.0
4300,amabray,1.0
4301,amac,1.0
4302,amandarosenberg,1.0
4303,amari,1.0
4304,amarmic,1.0
4305,amateurhour,1.0
4306,amaz,1.0
4307,amazinghttps,1.0
4308,amberalert,1.0
4309,ambulance,1.0
4310,ambush,1.0
4311,amc,1.0
4312,amd,1.0
4313,ameer,1.0
4314,amelia,1.0
4315,americadoesnotban,1.0
4316,americanexpressroamaroo,1.0
4317,americans,1.0
4318,americanview,1.0
4319,amherst,1.0
4320,amidst,1.0
4321,amiscrewed,1.0
4322,amjoy,1.0
4323,amman,1.0
4324,amodernapproach,1.0
4325,amrazing,1.0
4326,amreading,1.0
4327,amro,1.0
4328,ams,1.0
4329,amusing,1.0
4330,amwriting,1.0
4331,amyrchapman,1.0
4332,analupe,1.0
4333,anandwrites,1.0
4334,anarchy,1.0
4335,anastasia,1.0
4336,anatomy,1.0
4337,anchora,1.0
4338,anchorage,1.0
4339,ancient,1.0
4340,andalemexican,1.0
4341,andesinfanteual,1.0
4342,andreiguodala,1.0
4343,andrewcbc,1.0
4344,andrewruffin,1.0
4345,android,1.0
4346,andronik,1.0
4347,andyshauf,1.0
4348,anericanair,1.0
4349,ang,1.0
4350,angelswork,1.0
4351,angiecoirohttps,1.0
4352,angryasian,1.0
4353,angrycustomers,1.0
4354,angus,1.0
4355,animaltherapy,1.0
4356,anime,1.0
4357,ankaraairport,1.0
4358,anna,1.0
4359,annddd,1.0
4360,annediego,1.0
4361,annimation,1.0
4362,anniversarytrip,1.0
4363,annkillion,1.0
4364,annnnd,1.0
4365,annnnnd,1.0
4366,annnnnnnnnd,1.0
4367,annnnnnnnnnnd,1.0
4368,anomaly,1.0
4369,answrd,1.0
4370,ant,1.0
4371,ante,1.0
4372,antenna,1.0
4373,antheahartig,1.0
4374,anthonyfjoshua,1.0
4375,anthonynolan,1.0
4376,anthraxpaintbal,1.0
4377,antic,1.0
4378,antidriver,1.0
4379,antifacism,1.0
4380,antique,1.0
4381,antonovcompany,1.0
4382,antonovfans,1.0
4383,antonovs,1.0
4384,anty,1.0
4385,anyday,1.0
4386,anyways,1.0
4387,aos,1.0
4388,ap,1.0
4389,apac,1.0
4390,apartment,1.0
4391,apigee,1.0
4392,apis,1.0
4393,apistrat,1.0
4394,apm,1.0
4395,apocalyptic,1.0
4396,appdirect,1.0
4397,appearently,1.0
4398,applaud,1.0
4399,approaching,1.0
4400,approval,1.0
4401,apr,1.0
4402,aprilspears,1.0
4403,apsatweets,1.0
4404,apt,1.0
4405,aptherapydogs,1.0
4406,aquatic,1.0
4407,arabic,1.0
4408,arasmus,1.0
4409,arasmusktvu,1.0
4410,arcade,1.0
4411,archaic,1.0
4412,archive,1.0
4413,arctic,1.0
4414,arduino,1.0
4415,areeba,1.0
4416,arest,1.0
4417,arff,1.0
4418,arguably,1.0
4419,argue,1.0
4420,argues,1.0
4421,ari,1.0
4422,arialv,1.0
4423,arid,1.0
4424,arielwaldman,1.0
4425,arizonafball,1.0
4426,ark,1.0
4427,arkansas,1.0
4428,armed,1.0
4429,armressst,1.0
4430,aroo,1.0
4431,arr,1.0
4432,arrangement,1.0
4433,arrangments,1.0
4434,arrivals,1.0
4435,arrived,1.0
4436,arrivedting,1.0
4437,arriveearly,1.0
4438,arrivingaftermidnite,1.0
4439,arrrgggh,1.0
4440,artacevedo,1.0
4441,arthttps,1.0
4442,artisan,1.0
4443,artisanal,1.0
4444,artmatters,1.0
4445,artsatmia,1.0
4446,arun,1.0
4447,asata,1.0
4448,asaulted,1.0
4449,ascend,1.0
4450,ascendant,1.0
4451,asd,1.0
4452,aselondon,1.0
4453,aseparis,1.0
4454,asesanfrancisco,1.0
4455,asg,1.0
4456,asgar,1.0
4457,ashamed,1.0
4458,ashlili,1.0
4459,ashya,1.0
4460,askacurator,1.0
4461,askew,1.0
4462,askprofmcfields,1.0
4463,asks,1.0
4464,aspca,1.0
4465,aspenjobquality,1.0
4466,aspilla,1.0
4467,ass,1.0
4468,assemble,1.0
4469,assess,1.0
4470,assessment,1.0
4471,asshats,1.0
4472,asshole,1.0
4473,assignment,1.0
4474,assigns,1.0
4475,assumed,1.0
4476,astonishingly,1.0
4477,astound,1.0
4478,astronomical,1.0
4479,asylum,1.0
4480,ataninternationalairport,1.0
4481,atct,1.0
4482,ath,1.0
4483,atheistengineer,1.0
4484,athenour,1.0
4485,athletics,1.0
4486,athttps,1.0
4487,atlasfire,1.0
4488,atlmostefficientsecuritycheck,1.0
4489,atlsfo,1.0
4490,atmosphericriver,1.0
4491,atop,1.0
4492,atound,1.0
4493,atrocious,1.0
4494,atrociously,1.0
4495,atsm,1.0
4496,att,1.0
4497,atta,1.0
4498,attcares,1.0
4499,attentands,1.0
4500,attentive,1.0
4501,attire,1.0
4502,attny,1.0
4503,attnys,1.0
4504,atty,1.0
4505,attys,1.0
4506,atwairport,1.0
4507,audible,1.0
4508,audiobook,1.0
4509,auditor,1.0
4510,augustine,1.0
4511,auh,1.0
4512,auhyland,1.0
4513,aung,1.0
4514,auntieannes,1.0
4515,aurora,1.0
4516,ausbt,1.0
4517,aussie,1.0
4518,australian,1.0
4519,authoritarian,1.0
4520,autism,1.0
4521,automate,1.0
4522,automated,1.0
4523,automatically,1.0
4524,autopilot,1.0
4525,autoprayhttps,1.0
4526,autumnal,1.0
4527,auzzi,1.0
4528,avatar,1.0
4529,avegant,1.0
4530,avenue,1.0
4531,averagejoelle,1.0
4532,avert,1.0
4533,avgeekmel,1.0
4534,avianca,1.0
4535,aviancabrasilhttp,1.0
4536,aviationconstruction,1.0
4537,aviationdaily,1.0
4538,aviationdk,1.0
4539,aviationgeekhttps,1.0
4540,aviationhistory,1.0
4541,aviationhttp,1.0
4542,aviationhttps,1.0
4543,aviationinfatuation,1.0
4544,aviationtribune,1.0
4545,aviationwx,1.0
4546,aviator,1.0
4547,aviatrix,1.0
4548,avid,1.0
4549,aviknowledge,1.0
4550,avl,1.0
4551,avnerd,1.0
4552,avoidsfo,1.0
4553,avpix,1.0
4554,avqueenbenet,1.0
4555,awaaaay,1.0
4556,awating,1.0
4557,awesomeflightcrew,1.0
4558,awfully,1.0
4559,awhatup,1.0
4560,awrahq,1.0
4561,awry,1.0
4562,awscloud,1.0
4563,awspssummit,1.0
4564,awws,1.0
4565,awwwwwwwwwwww,1.0
4566,axelrod,1.0
4567,ay,1.0
4568,ayeletw,1.0
4569,ayeshacurry,1.0
4570,ayy,1.0
4571,ayyyye,1.0
4572,azalea,1.0
4573,azv,1.0
4574,baaaaaaccckkk,1.0
4575,baaaaaack,1.0
4576,baaaaack,1.0
4577,baaaaccck,1.0
4578,baaack,1.0
4579,babe,1.0
4580,bac,1.0
4581,bachelorpartyweekend,1.0
4582,backdrops,1.0
4583,backhttps,1.0
4584,backkkkk,1.0
4585,backlash,1.0
4586,backlog,1.0
4587,backstory,1.0
4588,backyard,1.0
4589,badairline,1.0
4590,badcustomerservice,1.0
4591,badminton,1.0
4592,badnews,1.0
4593,badservice,1.0
4594,badservicenews,1.0
4595,baes,1.0
4596,baghdadbythebay,1.0
4597,bagram,1.0
4598,bagshttps,1.0
4599,baguette,1.0
4600,bahaha,1.0
4601,bahhumbug,1.0
4602,bainbridgeisl,1.0
4603,bainbridgeisland,1.0
4604,baked,1.0
4605,balance,1.0
4606,balancing,1.0
4607,balboa,1.0
4608,bald,1.0
4609,baldacci,1.0
4610,baldbryan,1.0
4611,balikbanyan,1.0
4612,ballistic,1.0
4613,ballsy,1.0
4614,balm,1.0
4615,baloney,1.0
4616,balsamic,1.0
4617,baltimoremd,1.0
4618,balut,1.0
4619,bam,1.0
4620,bamba,1.0
4621,bamboo,1.0
4622,banal,1.0
4623,banana,1.0
4624,bandage,1.0
4625,banga,1.0
4626,bangladesh,1.0
4627,bangladeshi,1.0
4628,banhmii,1.0
4629,bankofamerica,1.0
4630,banmuslims,1.0
4631,banner,1.0
4632,bannon,1.0
4633,bannonban,1.0
4634,banos,1.0
4635,banshee,1.0
4636,bao,1.0
4637,barack,1.0
4638,barackobamahttps,1.0
4639,barbara,1.0
4640,barbaraboxer,1.0
4641,barbell,1.0
4642,barcelona,1.0
4643,barclaycardus,1.0
4644,barefeet,1.0
4645,barge,1.0
4646,barista,1.0
4647,barley,1.0
4648,barnes,1.0
4649,barrier,1.0
4650,barrnecessities,1.0
4651,barting,1.0
4652,bartletthallsf,1.0
4653,bartuser,1.0
4654,barz,1.0
4655,barzin,1.0
4656,bashful,1.0
4657,basiceconomy,1.0
4658,bastille,1.0
4659,bat,1.0
4660,batali,1.0
4661,bathrooms,1.0
4662,bathroomyoga,1.0
4663,batman,1.0
4664,battleofbritain,1.0
4665,batumiairport,1.0
4666,bavarian,1.0
4667,bayacbroken,1.0
4668,bayareaairports,1.0
4669,bayareachallenge,1.0
4670,bayareachess,1.0
4671,bayareafirearms,1.0
4672,bayareaheatwave,1.0
4673,bayareaherbs,1.0
4674,bayareahttps,1.0
4675,bayareatravelshow,1.0
4676,bayareavitalsigns,1.0
4677,bayeporg,1.0
4678,bayresistancehttps,1.0
4679,baysolidarity,1.0
4680,bazis,1.0
4681,bb,1.0
4682,bby,1.0
4683,bcoz,1.0
4684,bcz,1.0
4685,bdega,1.0
4686,beaccchhoussse,1.0
4687,beachhousehmb,1.0
4688,beale,1.0
4689,beanie,1.0
4690,beard,1.0
4691,bearing,1.0
4692,beaut,1.0
4693,beckastar,1.0
4694,beecher,1.0
4695,beerwait,1.0
4696,beet,1.0
4697,befor,1.0
4698,behavin,1.0
4699,behaviour,1.0
4700,belfastairport,1.0
4701,belkin,1.0
4702,bella,1.0
4703,bellagio,1.0
4704,belligerent,1.0
4705,bellow,1.0
4706,belonging,1.0
4707,beloved,1.0
4708,beluga,1.0
4709,ben,1.0
4710,bencke,1.0
4711,benefitsofprecheck,1.0
4712,benioff,1.0
4713,benjamin,1.0
4714,bennett,1.0
4715,bent,1.0
4716,bentonville,1.0
4717,ber,1.0
4718,berenji,1.0
4719,berkeleybike,1.0
4720,berlinplane,1.0
4721,berlusconi,1.0
4722,berman,1.0
4723,bern,1.0
4724,berner,1.0
4725,berniceking,1.0
4726,berniesanders,1.0
4727,bernstein,1.0
4728,besh,1.0
4729,bestairport,1.0
4730,bested,1.0
4731,besthttps,1.0
4732,bestseller,1.0
4733,bestselling,1.0
4734,besttoyours,1.0
4735,bestwishes,1.0
4736,betcha,1.0
4737,bethechange,1.0
4738,bettykpix,1.0
4739,beungovernable,1.0
4740,bevs,1.0
4741,beyondaero,1.0
4742,bf,1.0
4743,bfmbusiness,1.0
4744,bfn,1.0
4745,bg,1.0
4746,bgairport,1.0
4747,bhmairport,1.0
4748,biaffect,1.0
4749,bidder,1.0
4750,bidding,1.0
4751,bigbobgibsonbbq,1.0
4752,biggestfan,1.0
4753,biggie,1.0
4754,bigly,1.0
4755,bigoil,1.0
4756,biiiird,1.0
4757,billgates,1.0
4758,billionairemb,1.0
4759,billmaher,1.0
4760,binary,1.0
4761,bio,1.0
4762,biodegrable,1.0
4763,biometric,1.0
4764,biotech,1.0
4765,birch,1.0
4766,birdwatch,1.0
4767,birmingham,1.0
4768,birth,1.0
4769,birthdayrun,1.0
4770,biscuit,1.0
4771,bishop,1.0
4772,bistro,1.0
4773,biztravel,1.0
4774,biztravelerna,1.0
4775,bjvairport,1.0
4776,bk,1.0
4777,bkk,1.0
4778,blackbird,1.0
4779,blackgirlfly,1.0
4780,blackhawk,1.0
4781,bland,1.0
4782,blasphemy,1.0
4783,blatant,1.0
4784,blaze,1.0
4785,bldgs,1.0
4786,bleak,1.0
4787,bleed,1.0
4788,bleep,1.0
4789,bleh,1.0
4790,blend,1.0
4791,blessing,1.0
4792,blew,1.0
4793,bli,1.0
4794,blighty,1.0
4795,blind,1.0
4796,bliss,1.0
4797,blmnational,1.0
4798,blockade,1.0
4799,blockchain,1.0
4800,blocking,1.0
4801,blogger,1.0
4802,bloggess,1.0
4803,blown,1.0
4804,blqairport,1.0
4805,blu,1.0
4806,blueandgold,1.0
4807,blueangels,1.0
4808,bluebeam,1.0
4809,blueberry,1.0
4810,bluejays,1.0
4811,bluestate,1.0
4812,bluey,1.0
4813,blur,1.0
4814,blvd,1.0
4815,bnb,1.0
4816,bnefsummit,1.0
4817,boardednowdeplaning,1.0
4818,boardingarea,1.0
4819,boardwalk,1.0
4820,bobzoell,1.0
4821,bodega,1.0
4822,boggling,1.0
4823,boi,1.0
4824,bollywood,1.0
4825,bom,1.0
4826,bomaconference,1.0
4827,bombardieraero,1.0
4828,boneyard,1.0
4829,boniver,1.0
4830,bonjour,1.0
4831,bono,1.0
4832,bons,1.0
4833,booby,1.0
4834,boog,1.0
4835,boogie,1.0
4836,bookable,1.0
4837,bookend,1.0
4838,bookhttps,1.0
4839,bookshelf,1.0
4840,booo,1.0
4841,booooo,1.0
4842,boooooo,1.0
4843,boopyournose,1.0
4844,booqbagsus,1.0
4845,boost,1.0
4846,boosting,1.0
4847,boot,1.0
4848,booth,1.0
4849,booty,1.0
4850,boozallen,1.0
4851,booze,1.0
4852,borderlinehangry,1.0
4853,bore,1.0
4854,bored,1.0
4855,bostonglobe,1.0
4856,bostonmarathon,1.0
4857,bostonmarket,1.0
4858,bot,1.0
4859,botch,1.0
4860,bottels,1.0
4861,bottleneck,1.0
4862,boudin,1.0
4863,bounce,1.0
4864,bourbon,1.0
4865,bow,1.0
4866,boxworks,1.0
4867,boycottsanfrancisco,1.0
4868,boycotttrump,1.0
4869,boycottunited,1.0
4870,boycottunitedairlines,1.0
4871,boycottunitedairlineshttps,1.0
4872,br,1.0
4873,bracelet,1.0
4874,brad,1.0
4875,bradfield,1.0
4876,brah,1.0
4877,braintrust,1.0
4878,brake,1.0
4879,brandgoalshttps,1.0
4880,branding,1.0
4881,brandon,1.0
4882,branson,1.0
4883,brava,1.0
4884,breakfastofchampions,1.0
4885,breathe,1.0
4886,breathing,1.0
4887,breathtaking,1.0
4888,breech,1.0
4889,brewer,1.0
4890,brewery,1.0
4891,breweryommegang,1.0
4892,brexit,1.0
4893,brian,1.0
4894,bride,1.0
4895,brie,1.0
4896,briefing,1.0
4897,brighter,1.0
4898,brill,1.0
4899,brim,1.0
4900,brinckerhoff,1.0
4901,brings,1.0
4902,brisk,1.0
4903,bristol,1.0
4904,bristolairport,1.0
4905,britain,1.0
4906,britishproblems,1.0
4907,britney,1.0
4908,britton,1.0
4909,broadness,1.0
4910,brocolli,1.0
4911,brokenairport,1.0
4912,bront,1.0
4913,brooke,1.0
4914,brooklyn,1.0
4915,broom,1.0
4916,bros,1.0
4917,brought,1.0
4918,browser,1.0
4919,brrrrrr,1.0
4920,bruery,1.0
4921,brush,1.0
4922,brusselsairport,1.0
4923,brute,1.0
4924,bsideslv,1.0
4925,bso,1.0
4926,btrairport,1.0
4927,bts,1.0
4928,btwfoundation,1.0
4929,bub,1.0
4930,bubyeeeee,1.0
4931,bucketlist,1.0
4932,buckleup,1.0
4933,budairport,1.0
4934,buddha,1.0
4935,buddyohm,1.0
4936,bueno,1.0
4937,buff,1.0
4938,buffaloairways,1.0
4939,buffett,1.0
4940,bugger,1.0
4941,buh,1.0
4942,buick,1.0
4943,builderscon,1.0
4944,buildmorestudenthousing,1.0
4945,builtforthefuture,1.0
4946,bukowski,1.0
4947,bulkhead,1.0
4948,bullschtien,1.0
4949,bullsh,1.0
4950,bumped,1.0
4951,buneo,1.0
4952,burgundywave,1.0
4953,burlesque,1.0
4954,burlingamedbid,1.0
4955,burlingamedowntown,1.0
4956,burlingamepd,1.0
4957,burns,1.0
4958,burped,1.0
4959,burst,1.0
4960,bury,1.0
4961,busier,1.0
4962,businesstrip,1.0
4963,businesstrips,1.0
4964,bussed,1.0
4965,bustle,1.0
4966,butcher,1.0
4967,buttercup,1.0
4968,butterfield,1.0
4969,butthurt,1.0
4970,bygone,1.0
4971,caac,1.0
4972,cabinet,1.0
4973,cable,1.0
4974,cackle,1.0
4975,cadaprojectdc,1.0
4976,cadrought,1.0
4977,caeairport,1.0
4978,caen,1.0
4979,cafeonda,1.0
4980,caffeinenowplease,1.0
4981,caflood,1.0
4982,cafloods,1.0
4983,caifornian,1.0
4984,cairn,1.0
4985,cala,1.0
4986,calaesthetic,1.0
4987,calamity,1.0
4988,calculation,1.0
4989,californiafires,1.0
4990,californiagirl,1.0
4991,californiahttps,1.0
4992,caliiiiiiifoooorrrniiiiaaa,1.0
4993,callrevu,1.0
4994,callsign,1.0
4995,calmness,1.0
4996,calnurses,1.0
4997,caltrainbikepro,1.0
4998,cambjunction,1.0
4999,cambridge,1.0
